DATAFLOW,LAST UPDATE,freq,unit,sector,na_item,geo,TIME_PERIOD,OBS_VALUE,OBS_FLAG
ESTAT:GOV_10DD_EDPT1(1.0),21/04/23 11:00:00,A,PC_GDP,S13,B9,AT,1995,-6.1,
ESTAT:GOV_10DD_EDPT1(1.0),21/04/23 11:00:00,A,PC_GDP,S13,B9,AT,1996,-4.5,
ESTAT:GOV_10DD_EDPT1(1.0),21/04/23 11:00:00,A,PC_GDP,S13,B9,AT,1997,-2.6,
ESTAT:GOV_10DD_EDPT1(1.0),21/04/23 11:00:00,A,PC_GDP,S13,B9,AT,1998,-2.7,
ESTAT:GOV_10DD_EDPT1(1.0),21/04/23 11:00:00,A,PC_GDP,S13,B9,AT,1999,-2.6,
ESTAT:GOV_10DD_EDPT1(1.0),21/04/23 11:00:00,A,PC_GDP,S13,B9,AT,2000,-2.4,
ESTAT:GOV_10DD_EDPT1(1.0),21/04/23 11:00:00,A,PC_GDP,S13,B9,AT,2001,-0.7,
ESTAT:GOV_10DD_EDPT1(1.0),21/04/23 11:00:00,A,PC_GDP,S13,B9,AT,2002,-1.4,
ESTAT:GOV_10DD_EDPT1(1.0),21/04/23 11:00:00,A,PC_GDP,S13,B9,AT,2003,-1.8,
ESTAT:GOV_10DD_EDPT1(1.0),21/04/23 11:00:00,A,PC_GDP,S13,B9,AT,2004,-4.8,
ESTAT:GOV_10DD_EDPT1(1.0),21/04/23 11:00:00,A,PC_GDP,S13,B9,AT,2005,-2.5,
ESTAT:GOV_10DD_EDPT1(1.0),21/04/23 11:00:00,A,PC_GDP,S13,B9,AT,2006,-2.5,
ESTAT:GOV_10DD_EDPT1(1.0),21/04/23 11:00:00,A,PC_GDP,S13,B9,AT,2007,-1.4,
ESTAT:GOV_10DD_EDPT1(1.0),21/04/23 11:00:00,A,PC_GDP,S13,B9,AT,2008,-1.5,
ESTAT:GOV_10DD_EDPT1(1.0),21/04/23 11:00:00,A,PC_GDP,S13,B9,AT,2009,-5.3,
ESTAT:GOV_10DD_EDPT1(1.0),21/04/23 11:00:00,A,PC_GDP,S13,B9,AT,2010,-4.4,
ESTAT:GOV_10DD_EDPT1(1.0),21/04/23 11:00:00,A,PC_GDP,S13,B9,AT,2011,-2.6,
ESTAT:GOV_10DD_EDPT1(1.0),21/04/23 11:00:00,A,PC_GDP,S13,B9,AT,2012,-2.2,
ESTAT:GOV_10DD_EDPT1(1.0),21/04/23 11:00:00,A,PC_GDP,S13,B9,AT,2013,-2.0,
ESTAT:GOV_10DD_EDPT1(1.0),21/04/23 11:00:00,A,PC_GDP,S13,B9,AT,2014,-2.7,
ESTAT:GOV_10DD_EDPT1(1.0),21/04/23 11:00:00,A,PC_GDP,S13,B9,AT,2015,-1.0,
ESTAT:GOV_10DD_EDPT1(1.0),21/04/23 11:00:00,A,PC_GDP,S13,B9,AT,2016,-1.5,
ESTAT:GOV_10DD_EDPT1(1.0),21/04/23 11:00:00,A,PC_GDP,S13,B9,AT,2017,-0.8,
ESTAT:GOV_10DD_EDPT1(1.0),21/04/23 11:00:00,A,PC_GDP,S13,B9,AT,2018,0.2,
ESTAT:GOV_10DD_EDPT1(1.0),21/04/23 11:00:00,A,PC_GDP,S13,B9,AT,2019,0.6,
ESTAT:GOV_10DD_EDPT1(1.0),21/04/23 11:00:00,A,PC_GDP,S13,B9,AT,2020,-8.0,
ESTAT:GOV_10DD_EDPT1(1.0),21/04/23 11:00:00,A,PC_GDP,S13,B9,AT,2021,-5.8,
ESTAT:GOV_10DD_EDPT1(1.0),21/04/23 11:00:00,A,PC_GDP,S13,B9,AT,2022,-3.2,
ESTAT:GOV_10DD_EDPT1(1.0),21/04/23 11:00:00,A,PC_GDP,S13,B9,BE,1995,-4.5,
ESTAT:GOV_10DD_EDPT1(1.0),21/04/23 11:00:00,A,PC_GDP,S13,B9,BE,1996,-4.0,
ESTAT:GOV_10DD_EDPT1(1.0),21/04/23 11:00:00,A,PC_GDP,S13,B9,BE,1997,-2.2,
ESTAT:GOV_10DD_EDPT1(1.0),21/04/23 11:00:00,A,PC_GDP,S13,B9,BE,1998,-1.0,
ESTAT:GOV_10DD_EDPT1(1.0),21/04/23 11:00:00,A,PC_GDP,S13,B9,BE,1999,-0.6,
ESTAT:GOV_10DD_EDPT1(1.0),21/04/23 11:00:00,A,PC_GDP,S13,B9,BE,2000,-0.1,
ESTAT:GOV_10DD_EDPT1(1.0),21/04/23 11:00:00,A,PC_GDP,S13,B9,BE,2001,0.2,
ESTAT:GOV_10DD_EDPT1(1.0),21/04/23 11:00:00,A,PC_GDP,S13,B9,BE,2002,0.0,
ESTAT:GOV_10DD_EDPT1(1.0),21/04/23 11:00:00,A,PC_GDP,S13,B9,BE,2003,-1.9,
ESTAT:GOV_10DD_EDPT1(1.0),21/04/23 11:00:00,A,PC_GDP,S13,B9,BE,2004,-0.2,
ESTAT:GOV_10DD_EDPT1(1.0),21/04/23 11:00:00,A,PC_GDP,S13,B9,BE,2005,-2.7,
ESTAT:GOV_10DD_EDPT1(1.0),21/04/23 11:00:00,A,PC_GDP,S13,B9,BE,2006,0.2,
ESTAT:GOV_10DD_EDPT1(1.0),21/04/23 11:00:00,A,PC_GDP,S13,B9,BE,2007,0.1,
ESTAT:GOV_10DD_EDPT1(1.0),21/04/23 11:00:00,A,PC_GDP,S13,B9,BE,2008,-1.1,
ESTAT:GOV_10DD_EDPT1(1.0),21/04/23 11:00:00,A,PC_GDP,S13,B9,BE,2009,-5.4,
ESTAT:GOV_10DD_EDPT1(1.0),21/04/23 11:00:00,A,PC_GDP,S13,B9,BE,2010,-4.1,
ESTAT:GOV_10DD_EDPT1(1.0),21/04/23 11:00:00,A,PC_GDP,S13,B9,BE,2011,-4.3,
ESTAT:GOV_10DD_EDPT1(1.0),21/04/23 11:00:00,A,PC_GDP,S13,B9,BE,2012,-4.3,
ESTAT:GOV_10DD_EDPT1(1.0),21/04/23 11:00:00,A,PC_GDP,S13,B9,BE,2013,-3.1,
ESTAT:GOV_10DD_EDPT1(1.0),21/04/23 11:00:00,A,PC_GDP,S13,B9,BE,2014,-3.1,
ESTAT:GOV_10DD_EDPT1(1.0),21/04/23 11:00:00,A,PC_GDP,S13,B9,BE,2015,-2.4,
ESTAT:GOV_10DD_EDPT1(1.0),21/04/23 11:00:00,A,PC_GDP,S13,B9,BE,2016,-2.4,
ESTAT:GOV_10DD_EDPT1(1.0),21/04/23 11:00:00,A,PC_GDP,S13,B9,BE,2017,-0.7,
ESTAT:GOV_10DD_EDPT1(1.0),21/04/23 11:00:00,A,PC_GDP,S13,B9,BE,2018,-0.9,
ESTAT:GOV_10DD_EDPT1(1.0),21/04/23 11:00:00,A,PC_GDP,S13,B9,BE,2019,-2.0,
ESTAT:GOV_10DD_EDPT1(1.0),21/04/23 11:00:00,A,PC_GDP,S13,B9,BE,2020,-9.0,
ESTAT:GOV_10DD_EDPT1(1.0),21/04/23 11:00:00,A,PC_GDP,S13,B9,BE,2021,-5.5,
ESTAT:GOV_10DD_EDPT1(1.0),21/04/23 11:00:00,A,PC_GDP,S13,B9,BE,2022,-3.9,
ESTAT:GOV_10DD_EDPT1(1.0),21/04/23 11:00:00,A,PC_GDP,S13,B9,CY,1995,-0.7,
ESTAT:GOV_10DD_EDPT1(1.0),21/04/23 11:00:00,A,PC_GDP,S13,B9,CY,1996,-3.0,
ESTAT:GOV_10DD_EDPT1(1.0),21/04/23 11:00:00,A,PC_GDP,S13,B9,CY,1997,-4.8,
ESTAT:GOV_10DD_EDPT1(1.0),21/04/23 11:00:00,A,PC_GDP,S13,B9,CY,1998,-3.8,
ESTAT:GOV_10DD_EDPT1(1.0),21/04/23 11:00:00,A,PC_GDP,S13,B9,CY,1999,-4.0,
ESTAT:GOV_10DD_EDPT1(1.0),21/04/23 11:00:00,A,PC_GDP,S13,B9,CY,2000,-2.2,
ESTAT:GOV_10DD_EDPT1(1.0),21/04/23 11:00:00,A,PC_GDP,S13,B9,CY,2001,-2.1,
ESTAT:GOV_10DD_EDPT1(1.0),21/04/23 11:00:00,A,PC_GDP,S13,B9,CY,2002,-4.1,
ESTAT:GOV_10DD_EDPT1(1.0),21/04/23 11:00:00,A,PC_GDP,S13,B9,CY,2003,-5.9,
ESTAT:GOV_10DD_EDPT1(1.0),21/04/23 11:00:00,A,PC_GDP,S13,B9,CY,2004,-3.7,
ESTAT:GOV_10DD_EDPT1(1.0),21/04/23 11:00:00,A,PC_GDP,S13,B9,CY,2005,-2.2,
ESTAT:GOV_10DD_EDPT1(1.0),21/04/23 11:00:00,A,PC_GDP,S13,B9,CY,2006,-1.0,
ESTAT:GOV_10DD_EDPT1(1.0),21/04/23 11:00:00,A,PC_GDP,S13,B9,CY,2007,3.2,
ESTAT:GOV_10DD_EDPT1(1.0),21/04/23 11:00:00,A,PC_GDP,S13,B9,CY,2008,0.9,
ESTAT:GOV_10DD_EDPT1(1.0),21/04/23 11:00:00,A,PC_GDP,S13,B9,CY,2009,-5.4,
ESTAT:GOV_10DD_EDPT1(1.0),21/04/23 11:00:00,A,PC_GDP,S13,B9,CY,2010,-4.7,
ESTAT:GOV_10DD_EDPT1(1.0),21/04/23 11:00:00,A,PC_GDP,S13,B9,CY,2011,-5.7,
ESTAT:GOV_10DD_EDPT1(1.0),21/04/23 11:00:00,A,PC_GDP,S13,B9,CY,2012,-5.7,
ESTAT:GOV_10DD_EDPT1(1.0),21/04/23 11:00:00,A,PC_GDP,S13,B9,CY,2013,-5.6,
ESTAT:GOV_10DD_EDPT1(1.0),21/04/23 11:00:00,A,PC_GDP,S13,B9,CY,2014,-8.8,
ESTAT:GOV_10DD_EDPT1(1.0),21/04/23 11:00:00,A,PC_GDP,S13,B9,CY,2015,-0.9,
ESTAT:GOV_10DD_EDPT1(1.0),21/04/23 11:00:00,A,PC_GDP,S13,B9,CY,2016,0.3,
ESTAT:GOV_10DD_EDPT1(1.0),21/04/23 11:00:00,A,PC_GDP,S13,B9,CY,2017,1.9,
ESTAT:GOV_10DD_EDPT1(1.0),21/04/23 11:00:00,A,PC_GDP,S13,B9,CY,2018,-3.6,
ESTAT:GOV_10DD_EDPT1(1.0),21/04/23 11:00:00,A,PC_GDP,S13,B9,CY,2019,1.3,
ESTAT:GOV_10DD_EDPT1(1.0),21/04/23 11:00:00,A,PC_GDP,S13,B9,CY,2020,-5.8,
ESTAT:GOV_10DD_EDPT1(1.0),21/04/23 11:00:00,A,PC_GDP,S13,B9,CY,2021,-2.0,
ESTAT:GOV_10DD_EDPT1(1.0),21/04/23 11:00:00,A,PC_GDP,S13,B9,CY,2022,2.1,
ESTAT:GOV_10DD_EDPT1(1.0),21/04/23 11:00:00,A,PC_GDP,S13,B9,DE,1995,-9.4,
ESTAT:GOV_10DD_EDPT1(1.0),21/04/23 11:00:00,A,PC_GDP,S13,B9,DE,1996,-3.6,
ESTAT:GOV_10DD_EDPT1(1.0),21/04/23 11:00:00,A,PC_GDP,S13,B9,DE,1997,-2.9,
ESTAT:GOV_10DD_EDPT1(1.0),21/04/23 11:00:00,A,PC_GDP,S13,B9,DE,1998,-2.6,
ESTAT:GOV_10DD_EDPT1(1.0),21/04/23 11:00:00,A,PC_GDP,S13,B9,DE,1999,-1.7,
ESTAT:GOV_10DD_EDPT1(1.0),21/04/23 11:00:00,A,PC_GDP,S13,B9,DE,2000,-1.6,
ESTAT:GOV_10DD_EDPT1(1.0),21/04/23 11:00:00,A,PC_GDP,S13,B9,DE,2001,-3.0,
ESTAT:GOV_10DD_EDPT1(1.0),21/04/23 11:00:00,A,PC_GDP,S13,B9,DE,2002,-3.9,
ESTAT:GOV_10DD_EDPT1(1.0),21/04/23 11:00:00,A,PC_GDP,S13,B9,DE,2003,-3.7,
ESTAT:GOV_10DD_EDPT1(1.0),21/04/23 11:00:00,A,PC_GDP,S13,B9,DE,2004,-3.3,
ESTAT:GOV_10DD_EDPT1(1.0),21/04/23 11:00:00,A,PC_GDP,S13,B9,DE,2005,-3.3,
ESTAT:GOV_10DD_EDPT1(1.0),21/04/23 11:00:00,A,PC_GDP,S13,B9,DE,2006,-1.7,
ESTAT:GOV_10DD_EDPT1(1.0),21/04/23 11:00:00,A,PC_GDP,S13,B9,DE,2007,0.3,
ESTAT:GOV_10DD_EDPT1(1.0),21/04/23 11:00:00,A,PC_GDP,S13,B9,DE,2008,-0.1,
ESTAT:GOV_10DD_EDPT1(1.0),21/04/23 11:00:00,A,PC_GDP,S13,B9,DE,2009,-3.2,
ESTAT:GOV_10DD_EDPT1(1.0),21/04/23 11:00:00,A,PC_GDP,S13,B9,DE,2010,-4.4,
ESTAT:GOV_10DD_EDPT1(1.0),21/04/23 11:00:00,A,PC_GDP,S13,B9,DE,2011,-0.9,
ESTAT:GOV_10DD_EDPT1(1.0),21/04/23 11:00:00,A,PC_GDP,S13,B9,DE,2012,0.0,
ESTAT:GOV_10DD_EDPT1(1.0),21/04/23 11:00:00,A,PC_GDP,S13,B9,DE,2013,0.0,
ESTAT:GOV_10DD_EDPT1(1.0),21/04/23 11:00:00,A,PC_GDP,S13,B9,DE,2014,0.6,
ESTAT:GOV_10DD_EDPT1(1.0),21/04/23 11:00:00,A,PC_GDP,S13,B9,DE,2015,1.0,
ESTAT:GOV_10DD_EDPT1(1.0),21/04/23 11:00:00,A,PC_GDP,S13,B9,DE,2016,1.2,
ESTAT:GOV_10DD_EDPT1(1.0),21/04/23 11:00:00,A,PC_GDP,S13,B9,DE,2017,1.3,
ESTAT:GOV_10DD_EDPT1(1.0),21/04/23 11:00:00,A,PC_GDP,S13,B9,DE,2018,1.9,
ESTAT:GOV_10DD_EDPT1(1.0),21/04/23 11:00:00,A,PC_GDP,S13,B9,DE,2019,1.5,
ESTAT:GOV_10DD_EDPT1(1.0),21/04/23 11:00:00,A,PC_GDP,S13,B9,DE,2020,-4.3,
ESTAT:GOV_10DD_EDPT1(1.0),21/04/23 11:00:00,A,PC_GDP,S13,B9,DE,2021,-3.7,
ESTAT:GOV_10DD_EDPT1(1.0),21/04/23 11:00:00,A,PC_GDP,S13,B9,DE,2022,-2.6,
ESTAT:GOV_10DD_EDPT1(1.0),21/04/23 11:00:00,A,PC_GDP,S13,B9,EA19,1995,-7.3,
ESTAT:GOV_10DD_EDPT1(1.0),21/04/23 11:00:00,A,PC_GDP,S13,B9,EA19,1996,-4.4,
ESTAT:GOV_10DD_EDPT1(1.0),21/04/23 11:00:00,A,PC_GDP,S13,B9,EA19,1997,-3.1,
ESTAT:GOV_10DD_EDPT1(1.0),21/04/23 11:00:00,A,PC_GDP,S13,B9,EA19,1998,-2.4,
ESTAT:GOV_10DD_EDPT1(1.0),21/04/23 11:00:00,A,PC_GDP,S13,B9,EA19,1999,-1.5,
ESTAT:GOV_10DD_EDPT1(1.0),21/04/23 11:00:00,A,PC_GDP,S13,B9,EA19,2000,-1.3,
ESTAT:GOV_10DD_EDPT1(1.0),21/04/23 11:00:00,A,PC_GDP,S13,B9,EA19,2001,-2.0,
ESTAT:GOV_10DD_EDPT1(1.0),21/04/23 11:00:00,A,PC_GDP,S13,B9,EA19,2002,-2.7,
ESTAT:GOV_10DD_EDPT1(1.0),21/04/23 11:00:00,A,PC_GDP,S13,B9,EA19,2003,-3.1,
ESTAT:GOV_10DD_EDPT1(1.0),21/04/23 11:00:00,A,PC_GDP,S13,B9,EA19,2004,-2.9,
ESTAT:GOV_10DD_EDPT1(1.0),21/04/23 11:00:00,A,PC_GDP,S13,B9,EA19,2005,-2.6,
ESTAT:GOV_10DD_EDPT1(1.0),21/04/23 11:00:00,A,PC_GDP,S13,B9,EA19,2006,-1.5,
ESTAT:GOV_10DD_EDPT1(1.0),21/04/23 11:00:00,A,PC_GDP,S13,B9,EA19,2007,-0.6,
ESTAT:GOV_10DD_EDPT1(1.0),21/04/23 11:00:00,A,PC_GDP,S13,B9,EA19,2008,-2.2,
ESTAT:GOV_10DD_EDPT1(1.0),21/04/23 11:00:00,A,PC_GDP,S13,B9,EA19,2009,-6.2,
ESTAT:GOV_10DD_EDPT1(1.0),21/04/23 11:00:00,A,PC_GDP,S13,B9,EA19,2010,-6.3,
ESTAT:GOV_10DD_EDPT1(1.0),21/04/23 11:00:00,A,PC_GDP,S13,B9,EA19,2011,-4.2,
ESTAT:GOV_10DD_EDPT1(1.0),21/04/23 11:00:00,A,PC_GDP,S13,B9,EA19,2012,-3.8,
ESTAT:GOV_10DD_EDPT1(1.0),21/04/23 11:00:00,A,PC_GDP,S13,B9,EA19,2013,-3.1,
ESTAT:GOV_10DD_EDPT1(1.0),21/04/23 11:00:00,A,PC_GDP,S13,B9,EA19,2014,-2.5,
ESTAT:GOV_10DD_EDPT1(1.0),21/04/23 11:00:00,A,PC_GDP,S13,B9,EA19,2015,-2.0,
ESTAT:GOV_10DD_EDPT1(1.0),21/04/23 11:00:00,A,PC_GDP,S13,B9,EA19,2016,-1.5,
ESTAT:GOV_10DD_EDPT1(1.0),21/04/23 11:00:00,A,PC_GDP,S13,B9,EA19,2017,-0.9,
ESTAT:GOV_10DD_EDPT1(1.0),21/04/23 11:00:00,A,PC_GDP,S13,B9,EA19,2018,-0.4,
ESTAT:GOV_10DD_EDPT1(1.0),21/04/23 11:00:00,A,PC_GDP,S13,B9,EA19,2019,-0.6,
ESTAT:GOV_10DD_EDPT1(1.0),21/04/23 11:00:00,A,PC_GDP,S13,B9,EA19,2020,-7.1,
ESTAT:GOV_10DD_EDPT1(1.0),21/04/23 11:00:00,A,PC_GDP,S13,B9,EA19,2021,-5.3,
ESTAT:GOV_10DD_EDPT1(1.0),21/04/23 11:00:00,A,PC_GDP,S13,B9,EA19,2022,-3.6,
ESTAT:GOV_10DD_EDPT1(1.0),21/04/23 11:00:00,A,PC_GDP,S13,B9,EE,1995,1.0,
ESTAT:GOV_10DD_EDPT1(1.0),21/04/23 11:00:00,A,PC_GDP,S13,B9,EE,1996,-0.3,
ESTAT:GOV_10DD_EDPT1(1.0),21/04/23 11:00:00,A,PC_GDP,S13,B9,EE,1997,2.1,
ESTAT:GOV_10DD_EDPT1(1.0),21/04/23 11:00:00,A,PC_GDP,S13,B9,EE,1998,-0.8,
ESTAT:GOV_10DD_EDPT1(1.0),21/04/23 11:00:00,A,PC_GDP,S13,B9,EE,1999,-3.3,
ESTAT:GOV_10DD_EDPT1(1.0),21/04/23 11:00:00,A,PC_GDP,S13,B9,EE,2000,-0.1,
ESTAT:GOV_10DD_EDPT1(1.0),21/04/23 11:00:00,A,PC_GDP,S13,B9,EE,2001,0.2,
ESTAT:GOV_10DD_EDPT1(1.0),21/04/23 11:00:00,A,PC_GDP,S13,B9,EE,2002,0.4,
ESTAT:GOV_10DD_EDPT1(1.0),21/04/23 11:00:00,A,PC_GDP,S13,B9,EE,2003,1.8,
ESTAT:GOV_10DD_EDPT1(1.0),21/04/23 11:00:00,A,PC_GDP,S13,B9,EE,2004,2.4,
ESTAT:GOV_10DD_EDPT1(1.0),21/04/23 11:00:00,A,PC_GDP,S13,B9,EE,2005,1.1,
ESTAT:GOV_10DD_EDPT1(1.0),21/04/23 11:00:00,A,PC_GDP,S13,B9,EE,2006,2.9,
ESTAT:GOV_10DD_EDPT1(1.0),21/04/23 11:00:00,A,PC_GDP,S13,B9,EE,2007,2.7,
ESTAT:GOV_10DD_EDPT1(1.0),21/04/23 11:00:00,A,PC_GDP,S13,B9,EE,2008,-2.6,
ESTAT:GOV_10DD_EDPT1(1.0),21/04/23 11:00:00,A,PC_GDP,S13,B9,EE,2009,-2.2,
ESTAT:GOV_10DD_EDPT1(1.0),21/04/23 11:00:00,A,PC_GDP,S13,B9,EE,2010,0.2,
ESTAT:GOV_10DD_EDPT1(1.0),21/04/23 11:00:00,A,PC_GDP,S13,B9,EE,2011,1.1,
ESTAT:GOV_10DD_EDPT1(1.0),21/04/23 11:00:00,A,PC_GDP,S13,B9,EE,2012,-0.3,
ESTAT:GOV_10DD_EDPT1(1.0),21/04/23 11:00:00,A,PC_GDP,S13,B9,EE,2013,0.2,
ESTAT:GOV_10DD_EDPT1(1.0),21/04/23 11:00:00,A,PC_GDP,S13,B9,EE,2014,0.7,
ESTAT:GOV_10DD_EDPT1(1.0),21/04/23 11:00:00,A,PC_GDP,S13,B9,EE,2015,0.1,
ESTAT:GOV_10DD_EDPT1(1.0),21/04/23 11:00:00,A,PC_GDP,S13,B9,EE,2016,-0.4,
ESTAT:GOV_10DD_EDPT1(1.0),21/04/23 11:00:00,A,PC_GDP,S13,B9,EE,2017,-0.5,
ESTAT:GOV_10DD_EDPT1(1.0),21/04/23 11:00:00,A,PC_GDP,S13,B9,EE,2018,-0.6,
ESTAT:GOV_10DD_EDPT1(1.0),21/04/23 11:00:00,A,PC_GDP,S13,B9,EE,2019,0.1,
ESTAT:GOV_10DD_EDPT1(1.0),21/04/23 11:00:00,A,PC_GDP,S13,B9,EE,2020,-5.5,
ESTAT:GOV_10DD_EDPT1(1.0),21/04/23 11:00:00,A,PC_GDP,S13,B9,EE,2021,-2.4,
ESTAT:GOV_10DD_EDPT1(1.0),21/04/23 11:00:00,A,PC_GDP,S13,B9,EE,2022,-0.9,
ESTAT:GOV_10DD_EDPT1(1.0),21/04/23 11:00:00,A,PC_GDP,S13,B9,EL,1995,-9.7,
ESTAT:GOV_10DD_EDPT1(1.0),21/04/23 11:00:00,A,PC_GDP,S13,B9,EL,1996,-8.2,
ESTAT:GOV_10DD_EDPT1(1.0),21/04/23 11:00:00,A,PC_GDP,S13,B9,EL,1997,-6.1,
ESTAT:GOV_10DD_EDPT1(1.0),21/04/23 11:00:00,A,PC_GDP,S13,B9,EL,1998,-6.3,
ESTAT:GOV_10DD_EDPT1(1.0),21/04/23 11:00:00,A,PC_GDP,S13,B9,EL,1999,-5.8,
ESTAT:GOV_10DD_EDPT1(1.0),21/04/23 11:00:00,A,PC_GDP,S13,B9,EL,2000,-4.1,
ESTAT:GOV_10DD_EDPT1(1.0),21/04/23 11:00:00,A,PC_GDP,S13,B9,EL,2001,-5.5,
ESTAT:GOV_10DD_EDPT1(1.0),21/04/23 11:00:00,A,PC_GDP,S13,B9,EL,2002,-6.0,
ESTAT:GOV_10DD_EDPT1(1.0),21/04/23 11:00:00,A,PC_GDP,S13,B9,EL,2003,-7.8,
ESTAT:GOV_10DD_EDPT1(1.0),21/04/23 11:00:00,A,PC_GDP,S13,B9,EL,2004,-8.8,
ESTAT:GOV_10DD_EDPT1(1.0),21/04/23 11:00:00,A,PC_GDP,S13,B9,EL,2005,-6.2,
ESTAT:GOV_10DD_EDPT1(1.0),21/04/23 11:00:00,A,PC_GDP,S13,B9,EL,2006,-5.9,
ESTAT:GOV_10DD_EDPT1(1.0),21/04/23 11:00:00,A,PC_GDP,S13,B9,EL,2007,-6.7,
ESTAT:GOV_10DD_EDPT1(1.0),21/04/23 11:00:00,A,PC_GDP,S13,B9,EL,2008,-10.2,
ESTAT:GOV_10DD_EDPT1(1.0),21/04/23 11:00:00,A,PC_GDP,S13,B9,EL,2009,-15.2,
ESTAT:GOV_10DD_EDPT1(1.0),21/04/23 11:00:00,A,PC_GDP,S13,B9,EL,2010,-11.4,
ESTAT:GOV_10DD_EDPT1(1.0),21/04/23 11:00:00,A,PC_GDP,S13,B9,EL,2011,-10.5,
ESTAT:GOV_10DD_EDPT1(1.0),21/04/23 11:00:00,A,PC_GDP,S13,B9,EL,2012,-9.1,
ESTAT:GOV_10DD_EDPT1(1.0),21/04/23 11:00:00,A,PC_GDP,S13,B9,EL,2013,-13.4,
ESTAT:GOV_10DD_EDPT1(1.0),21/04/23 11:00:00,A,PC_GDP,S13,B9,EL,2014,-3.7,
ESTAT:GOV_10DD_EDPT1(1.0),21/04/23 11:00:00,A,PC_GDP,S13,B9,EL,2015,-5.9,
ESTAT:GOV_10DD_EDPT1(1.0),21/04/23 11:00:00,A,PC_GDP,S13,B9,EL,2016,0.2,
ESTAT:GOV_10DD_EDPT1(1.0),21/04/23 11:00:00,A,PC_GDP,S13,B9,EL,2017,0.6,
ESTAT:GOV_10DD_EDPT1(1.0),21/04/23 11:00:00,A,PC_GDP,S13,B9,EL,2018,0.9,
ESTAT:GOV_10DD_EDPT1(1.0),21/04/23 11:00:00,A,PC_GDP,S13,B9,EL,2019,0.9,
ESTAT:GOV_10DD_EDPT1(1.0),21/04/23 11:00:00,A,PC_GDP,S13,B9,EL,2020,-9.7,
ESTAT:GOV_10DD_EDPT1(1.0),21/04/23 11:00:00,A,PC_GDP,S13,B9,EL,2021,-7.1,
ESTAT:GOV_10DD_EDPT1(1.0),21/04/23 11:00:00,A,PC_GDP,S13,B9,EL,2022,-2.3,
ESTAT:GOV_10DD_EDPT1(1.0),21/04/23 11:00:00,A,PC_GDP,S13,B9,ES,1995,-6.8,
ESTAT:GOV_10DD_EDPT1(1.0),21/04/23 11:00:00,A,PC_GDP,S13,B9,ES,1996,-5.9,
ESTAT:GOV_10DD_EDPT1(1.0),21/04/23 11:00:00,A,PC_GDP,S13,B9,ES,1997,-3.9,
ESTAT:GOV_10DD_EDPT1(1.0),21/04/23 11:00:00,A,PC_GDP,S13,B9,ES,1998,-2.6,
ESTAT:GOV_10DD_EDPT1(1.0),21/04/23 11:00:00,A,PC_GDP,S13,B9,ES,1999,-1.2,
ESTAT:GOV_10DD_EDPT1(1.0),21/04/23 11:00:00,A,PC_GDP,S13,B9,ES,2000,-1.2,
ESTAT:GOV_10DD_EDPT1(1.0),21/04/23 11:00:00,A,PC_GDP,S13,B9,ES,2001,-0.5,
ESTAT:GOV_10DD_EDPT1(1.0),21/04/23 11:00:00,A,PC_GDP,S13,B9,ES,2002,-0.3,
ESTAT:GOV_10DD_EDPT1(1.0),21/04/23 11:00:00,A,PC_GDP,S13,B9,ES,2003,-0.4,
ESTAT:GOV_10DD_EDPT1(1.0),21/04/23 11:00:00,A,PC_GDP,S13,B9,ES,2004,-0.1,
ESTAT:GOV_10DD_EDPT1(1.0),21/04/23 11:00:00,A,PC_GDP,S13,B9,ES,2005,1.2,
ESTAT:GOV_10DD_EDPT1(1.0),21/04/23 11:00:00,A,PC_GDP,S13,B9,ES,2006,2.1,
ESTAT:GOV_10DD_EDPT1(1.0),21/04/23 11:00:00,A,PC_GDP,S13,B9,ES,2007,1.9,
ESTAT:GOV_10DD_EDPT1(1.0),21/04/23 11:00:00,A,PC_GDP,S13,B9,ES,2008,-4.6,
ESTAT:GOV_10DD_EDPT1(1.0),21/04/23 11:00:00,A,PC_GDP,S13,B9,ES,2009,-11.3,
ESTAT:GOV_10DD_EDPT1(1.0),21/04/23 11:00:00,A,PC_GDP,S13,B9,ES,2010,-9.5,
ESTAT:GOV_10DD_EDPT1(1.0),21/04/23 11:00:00,A,PC_GDP,S13,B9,ES,2011,-9.7,
ESTAT:GOV_10DD_EDPT1(1.0),21/04/23 11:00:00,A,PC_GDP,S13,B9,ES,2012,-11.6,
ESTAT:GOV_10DD_EDPT1(1.0),21/04/23 11:00:00,A,PC_GDP,S13,B9,ES,2013,-7.5,
ESTAT:GOV_10DD_EDPT1(1.0),21/04/23 11:00:00,A,PC_GDP,S13,B9,ES,2014,-6.1,
ESTAT:GOV_10DD_EDPT1(1.0),21/04/23 11:00:00,A,PC_GDP,S13,B9,ES,2015,-5.3,
ESTAT:GOV_10DD_EDPT1(1.0),21/04/23 11:00:00,A,PC_GDP,S13,B9,ES,2016,-4.3,
ESTAT:GOV_10DD_EDPT1(1.0),21/04/23 11:00:00,A,PC_GDP,S13,B9,ES,2017,-3.1,
ESTAT:GOV_10DD_EDPT1(1.0),21/04/23 11:00:00,A,PC_GDP,S13,B9,ES,2018,-2.6,
ESTAT:GOV_10DD_EDPT1(1.0),21/04/23 11:00:00,A,PC_GDP,S13,B9,ES,2019,-3.1,
ESTAT:GOV_10DD_EDPT1(1.0),21/04/23 11:00:00,A,PC_GDP,S13,B9,ES,2020,-10.1,
ESTAT:GOV_10DD_EDPT1(1.0),21/04/23 11:00:00,A,PC_GDP,S13,B9,ES,2021,-6.9,
ESTAT:GOV_10DD_EDPT1(1.0),21/04/23 11:00:00,A,PC_GDP,S13,B9,ES,2022,-4.8,
ESTAT:GOV_10DD_EDPT1(1.0),21/04/23 11:00:00,A,PC_GDP,S13,B9,FI,1995,-5.9,
ESTAT:GOV_10DD_EDPT1(1.0),21/04/23 11:00:00,A,PC_GDP,S13,B9,FI,1996,-3.2,
ESTAT:GOV_10DD_EDPT1(1.0),21/04/23 11:00:00,A,PC_GDP,S13,B9,FI,1997,-1.2,
ESTAT:GOV_10DD_EDPT1(1.0),21/04/23 11:00:00,A,PC_GDP,S13,B9,FI,1998,1.6,
ESTAT:GOV_10DD_EDPT1(1.0),21/04/23 11:00:00,A,PC_GDP,S13,B9,FI,1999,1.7,
ESTAT:GOV_10DD_EDPT1(1.0),21/04/23 11:00:00,A,PC_GDP,S13,B9,FI,2000,6.9,
ESTAT:GOV_10DD_EDPT1(1.0),21/04/23 11:00:00,A,PC_GDP,S13,B9,FI,2001,5.0,
ESTAT:GOV_10DD_EDPT1(1.0),21/04/23 11:00:00,A,PC_GDP,S13,B9,FI,2002,4.1,
ESTAT:GOV_10DD_EDPT1(1.0),21/04/23 11:00:00,A,PC_GDP,S13,B9,FI,2003,2.4,
ESTAT:GOV_10DD_EDPT1(1.0),21/04/23 11:00:00,A,PC_GDP,S13,B9,FI,2004,2.2,
ESTAT:GOV_10DD_EDPT1(1.0),21/04/23 11:00:00,A,PC_GDP,S13,B9,FI,2005,2.7,
ESTAT:GOV_10DD_EDPT1(1.0),21/04/23 11:00:00,A,PC_GDP,S13,B9,FI,2006,4.0,
ESTAT:GOV_10DD_EDPT1(1.0),21/04/23 11:00:00,A,PC_GDP,S13,B9,FI,2007,5.1,
ESTAT:GOV_10DD_EDPT1(1.0),21/04/23 11:00:00,A,PC_GDP,S13,B9,FI,2008,4.2,
ESTAT:GOV_10DD_EDPT1(1.0),21/04/23 11:00:00,A,PC_GDP,S13,B9,FI,2009,-2.5,
ESTAT:GOV_10DD_EDPT1(1.0),21/04/23 11:00:00,A,PC_GDP,S13,B9,FI,2010,-2.5,
ESTAT:GOV_10DD_EDPT1(1.0),21/04/23 11:00:00,A,PC_GDP,S13,B9,FI,2011,-1.0,
ESTAT:GOV_10DD_EDPT1(1.0),21/04/23 11:00:00,A,PC_GDP,S13,B9,FI,2012,-2.2,
ESTAT:GOV_10DD_EDPT1(1.0),21/04/23 11:00:00,A,PC_GDP,S13,B9,FI,2013,-2.5,
ESTAT:GOV_10DD_EDPT1(1.0),21/04/23 11:00:00,A,PC_GDP,S13,B9,FI,2014,-3.0,
ESTAT:GOV_10DD_EDPT1(1.0),21/04/23 11:00:00,A,PC_GDP,S13,B9,FI,2015,-2.4,
ESTAT:GOV_10DD_EDPT1(1.0),21/04/23 11:00:00,A,PC_GDP,S13,B9,FI,2016,-1.7,
ESTAT:GOV_10DD_EDPT1(1.0),21/04/23 11:00:00,A,PC_GDP,S13,B9,FI,2017,-0.7,
ESTAT:GOV_10DD_EDPT1(1.0),21/04/23 11:00:00,A,PC_GDP,S13,B9,FI,2018,-0.9,
ESTAT:GOV_10DD_EDPT1(1.0),21/04/23 11:00:00,A,PC_GDP,S13,B9,FI,2019,-0.9,
ESTAT:GOV_10DD_EDPT1(1.0),21/04/23 11:00:00,A,PC_GDP,S13,B9,FI,2020,-5.6,
ESTAT:GOV_10DD_EDPT1(1.0),21/04/23 11:00:00,A,PC_GDP,S13,B9,FI,2021,-2.8,
ESTAT:GOV_10DD_EDPT1(1.0),21/04/23 11:00:00,A,PC_GDP,S13,B9,FI,2022,-0.9,
ESTAT:GOV_10DD_EDPT1(1.0),21/04/23 11:00:00,A,PC_GDP,S13,B9,FR,1995,-5.1,
ESTAT:GOV_10DD_EDPT1(1.0),21/04/23 11:00:00,A,PC_GDP,S13,B9,FR,1996,-3.9,
ESTAT:GOV_10DD_EDPT1(1.0),21/04/23 11:00:00,A,PC_GDP,S13,B9,FR,1997,-3.7,
ESTAT:GOV_10DD_EDPT1(1.0),21/04/23 11:00:00,A,PC_GDP,S13,B9,FR,1998,-2.4,
ESTAT:GOV_10DD_EDPT1(1.0),21/04/23 11:00:00,A,PC_GDP,S13,B9,FR,1999,-1.6,
ESTAT:GOV_10DD_EDPT1(1.0),21/04/23 11:00:00,A,PC_GDP,S13,B9,FR,2000,-1.3,
ESTAT:GOV_10DD_EDPT1(1.0),21/04/23 11:00:00,A,PC_GDP,S13,B9,FR,2001,-1.4,
ESTAT:GOV_10DD_EDPT1(1.0),21/04/23 11:00:00,A,PC_GDP,S13,B9,FR,2002,-3.2,
ESTAT:GOV_10DD_EDPT1(1.0),21/04/23 11:00:00,A,PC_GDP,S13,B9,FR,2003,-4.0,
ESTAT:GOV_10DD_EDPT1(1.0),21/04/23 11:00:00,A,PC_GDP,S13,B9,FR,2004,-3.6,
ESTAT:GOV_10DD_EDPT1(1.0),21/04/23 11:00:00,A,PC_GDP,S13,B9,FR,2005,-3.4,
ESTAT:GOV_10DD_EDPT1(1.0),21/04/23 11:00:00,A,PC_GDP,S13,B9,FR,2006,-2.4,
ESTAT:GOV_10DD_EDPT1(1.0),21/04/23 11:00:00,A,PC_GDP,S13,B9,FR,2007,-2.6,
ESTAT:GOV_10DD_EDPT1(1.0),21/04/23 11:00:00,A,PC_GDP,S13,B9,FR,2008,-3.3,
ESTAT:GOV_10DD_EDPT1(1.0),21/04/23 11:00:00,A,PC_GDP,S13,B9,FR,2009,-7.2,
ESTAT:GOV_10DD_EDPT1(1.0),21/04/23 11:00:00,A,PC_GDP,S13,B9,FR,2010,-6.9,
ESTAT:GOV_10DD_EDPT1(1.0),21/04/23 11:00:00,A,PC_GDP,S13,B9,FR,2011,-5.2,
ESTAT:GOV_10DD_EDPT1(1.0),21/04/23 11:00:00,A,PC_GDP,S13,B9,FR,2012,-5.0,
ESTAT:GOV_10DD_EDPT1(1.0),21/04/23 11:00:00,A,PC_GDP,S13,B9,FR,2013,-4.1,
ESTAT:GOV_10DD_EDPT1(1.0),21/04/23 11:00:00,A,PC_GDP,S13,B9,FR,2014,-3.9,
ESTAT:GOV_10DD_EDPT1(1.0),21/04/23 11:00:00,A,PC_GDP,S13,B9,FR,2015,-3.6,
ESTAT:GOV_10DD_EDPT1(1.0),21/04/23 11:00:00,A,PC_GDP,S13,B9,FR,2016,-3.6,
ESTAT:GOV_10DD_EDPT1(1.0),21/04/23 11:00:00,A,PC_GDP,S13,B9,FR,2017,-3.0,
ESTAT:GOV_10DD_EDPT1(1.0),21/04/23 11:00:00,A,PC_GDP,S13,B9,FR,2018,-2.3,
ESTAT:GOV_10DD_EDPT1(1.0),21/04/23 11:00:00,A,PC_GDP,S13,B9,FR,2019,-3.1,
ESTAT:GOV_10DD_EDPT1(1.0),21/04/23 11:00:00,A,PC_GDP,S13,B9,FR,2020,-9.0,
ESTAT:GOV_10DD_EDPT1(1.0),21/04/23 11:00:00,A,PC_GDP,S13,B9,FR,2021,-6.5,
ESTAT:GOV_10DD_EDPT1(1.0),21/04/23 11:00:00,A,PC_GDP,S13,B9,FR,2022,-4.7,
ESTAT:GOV_10DD_EDPT1(1.0),21/04/23 11:00:00,A,PC_GDP,S13,B9,IE,1995,-2.1,
ESTAT:GOV_10DD_EDPT1(1.0),21/04/23 11:00:00,A,PC_GDP,S13,B9,IE,1996,-0.2,
ESTAT:GOV_10DD_EDPT1(1.0),21/04/23 11:00:00,A,PC_GDP,S13,B9,IE,1997,1.4,
ESTAT:GOV_10DD_EDPT1(1.0),21/04/23 11:00:00,A,PC_GDP,S13,B9,IE,1998,2.1,
ESTAT:GOV_10DD_EDPT1(1.0),21/04/23 11:00:00,A,PC_GDP,S13,B9,IE,1999,3.5,
ESTAT:GOV_10DD_EDPT1(1.0),21/04/23 11:00:00,A,PC_GDP,S13,B9,IE,2000,4.9,
ESTAT:GOV_10DD_EDPT1(1.0),21/04/23 11:00:00,A,PC_GDP,S13,B9,IE,2001,1.0,
ESTAT:GOV_10DD_EDPT1(1.0),21/04/23 11:00:00,A,PC_GDP,S13,B9,IE,2002,-0.5,
ESTAT:GOV_10DD_EDPT1(1.0),21/04/23 11:00:00,A,PC_GDP,S13,B9,IE,2003,0.3,
ESTAT:GOV_10DD_EDPT1(1.0),21/04/23 11:00:00,A,PC_GDP,S13,B9,IE,2004,1.3,
ESTAT:GOV_10DD_EDPT1(1.0),21/04/23 11:00:00,A,PC_GDP,S13,B9,IE,2005,1.6,
ESTAT:GOV_10DD_EDPT1(1.0),21/04/23 11:00:00,A,PC_GDP,S13,B9,IE,2006,2.8,
ESTAT:GOV_10DD_EDPT1(1.0),21/04/23 11:00:00,A,PC_GDP,S13,B9,IE,2007,0.3,
ESTAT:GOV_10DD_EDPT1(1.0),21/04/23 11:00:00,A,PC_GDP,S13,B9,IE,2008,-7.0,
ESTAT:GOV_10DD_EDPT1(1.0),21/04/23 11:00:00,A,PC_GDP,S13,B9,IE,2009,-13.9,
ESTAT:GOV_10DD_EDPT1(1.0),21/04/23 11:00:00,A,PC_GDP,S13,B9,IE,2010,-32.1,
ESTAT:GOV_10DD_EDPT1(1.0),21/04/23 11:00:00,A,PC_GDP,S13,B9,IE,2011,-13.6,
ESTAT:GOV_10DD_EDPT1(1.0),21/04/23 11:00:00,A,PC_GDP,S13,B9,IE,2012,-8.5,
ESTAT:GOV_10DD_EDPT1(1.0),21/04/23 11:00:00,A,PC_GDP,S13,B9,IE,2013,-6.4,
ESTAT:GOV_10DD_EDPT1(1.0),21/04/23 11:00:00,A,PC_GDP,S13,B9,IE,2014,-3.6,
ESTAT:GOV_10DD_EDPT1(1.0),21/04/23 11:00:00,A,PC_GDP,S13,B9,IE,2015,-2.0,
ESTAT:GOV_10DD_EDPT1(1.0),21/04/23 11:00:00,A,PC_GDP,S13,B9,IE,2016,-0.8,
ESTAT:GOV_10DD_EDPT1(1.0),21/04/23 11:00:00,A,PC_GDP,S13,B9,IE,2017,-0.3,
ESTAT:GOV_10DD_EDPT1(1.0),21/04/23 11:00:00,A,PC_GDP,S13,B9,IE,2018,0.1,
ESTAT:GOV_10DD_EDPT1(1.0),21/04/23 11:00:00,A,PC_GDP,S13,B9,IE,2019,0.5,
ESTAT:GOV_10DD_EDPT1(1.0),21/04/23 11:00:00,A,PC_GDP,S13,B9,IE,2020,-5.0,
ESTAT:GOV_10DD_EDPT1(1.0),21/04/23 11:00:00,A,PC_GDP,S13,B9,IE,2021,-1.6,
ESTAT:GOV_10DD_EDPT1(1.0),21/04/23 11:00:00,A,PC_GDP,S13,B9,IE,2022,1.6,
ESTAT:GOV_10DD_EDPT1(1.0),21/04/23 11:00:00,A,PC_GDP,S13,B9,IT,1995,-7.2,
ESTAT:GOV_10DD_EDPT1(1.0),21/04/23 11:00:00,A,PC_GDP,S13,B9,IT,1996,-6.6,
ESTAT:GOV_10DD_EDPT1(1.0),21/04/23 11:00:00,A,PC_GDP,S13,B9,IT,1997,-3.0,
ESTAT:GOV_10DD_EDPT1(1.0),21/04/23 11:00:00,A,PC_GDP,S13,B9,IT,1998,-3.0,
ESTAT:GOV_10DD_EDPT1(1.0),21/04/23 11:00:00,A,PC_GDP,S13,B9,IT,1999,-1.8,
ESTAT:GOV_10DD_EDPT1(1.0),21/04/23 11:00:00,A,PC_GDP,S13,B9,IT,2000,-2.4,
ESTAT:GOV_10DD_EDPT1(1.0),21/04/23 11:00:00,A,PC_GDP,S13,B9,IT,2001,-3.2,
ESTAT:GOV_10DD_EDPT1(1.0),21/04/23 11:00:00,A,PC_GDP,S13,B9,IT,2002,-2.9,
ESTAT:GOV_10DD_EDPT1(1.0),21/04/23 11:00:00,A,PC_GDP,S13,B9,IT,2003,-3.2,
ESTAT:GOV_10DD_EDPT1(1.0),21/04/23 11:00:00,A,PC_GDP,S13,B9,IT,2004,-3.5,
ESTAT:GOV_10DD_EDPT1(1.0),21/04/23 11:00:00,A,PC_GDP,S13,B9,IT,2005,-4.1,
ESTAT:GOV_10DD_EDPT1(1.0),21/04/23 11:00:00,A,PC_GDP,S13,B9,IT,2006,-3.6,
ESTAT:GOV_10DD_EDPT1(1.0),21/04/23 11:00:00,A,PC_GDP,S13,B9,IT,2007,-1.3,
ESTAT:GOV_10DD_EDPT1(1.0),21/04/23 11:00:00,A,PC_GDP,S13,B9,IT,2008,-2.6,
ESTAT:GOV_10DD_EDPT1(1.0),21/04/23 11:00:00,A,PC_GDP,S13,B9,IT,2009,-5.1,
ESTAT:GOV_10DD_EDPT1(1.0),21/04/23 11:00:00,A,PC_GDP,S13,B9,IT,2010,-4.2,
ESTAT:GOV_10DD_EDPT1(1.0),21/04/23 11:00:00,A,PC_GDP,S13,B9,IT,2011,-3.6,
ESTAT:GOV_10DD_EDPT1(1.0),21/04/23 11:00:00,A,PC_GDP,S13,B9,IT,2012,-2.9,
ESTAT:GOV_10DD_EDPT1(1.0),21/04/23 11:00:00,A,PC_GDP,S13,B9,IT,2013,-2.9,
ESTAT:GOV_10DD_EDPT1(1.0),21/04/23 11:00:00,A,PC_GDP,S13,B9,IT,2014,-3.0,
ESTAT:GOV_10DD_EDPT1(1.0),21/04/23 11:00:00,A,PC_GDP,S13,B9,IT,2015,-2.6,
ESTAT:GOV_10DD_EDPT1(1.0),21/04/23 11:00:00,A,PC_GDP,S13,B9,IT,2016,-2.4,
ESTAT:GOV_10DD_EDPT1(1.0),21/04/23 11:00:00,A,PC_GDP,S13,B9,IT,2017,-2.4,
ESTAT:GOV_10DD_EDPT1(1.0),21/04/23 11:00:00,A,PC_GDP,S13,B9,IT,2018,-2.2,
ESTAT:GOV_10DD_EDPT1(1.0),21/04/23 11:00:00,A,PC_GDP,S13,B9,IT,2019,-1.5,
ESTAT:GOV_10DD_EDPT1(1.0),21/04/23 11:00:00,A,PC_GDP,S13,B9,IT,2020,-9.7,
ESTAT:GOV_10DD_EDPT1(1.0),21/04/23 11:00:00,A,PC_GDP,S13,B9,IT,2021,-9.0,
ESTAT:GOV_10DD_EDPT1(1.0),21/04/23 11:00:00,A,PC_GDP,S13,B9,IT,2022,-8.0,
ESTAT:GOV_10DD_EDPT1(1.0),21/04/23 11:00:00,A,PC_GDP,S13,B9,LT,1995,-1.5,
ESTAT:GOV_10DD_EDPT1(1.0),21/04/23 11:00:00,A,PC_GDP,S13,B9,LT,1996,-3.3,
ESTAT:GOV_10DD_EDPT1(1.0),21/04/23 11:00:00,A,PC_GDP,S13,B9,LT,1997,-11.8,
ESTAT:GOV_10DD_EDPT1(1.0),21/04/23 11:00:00,A,PC_GDP,S13,B9,LT,1998,-3.0,
ESTAT:GOV_10DD_EDPT1(1.0),21/04/23 11:00:00,A,PC_GDP,S13,B9,LT,1999,-2.8,
ESTAT:GOV_10DD_EDPT1(1.0),21/04/23 11:00:00,A,PC_GDP,S13,B9,LT,2000,-3.2,
ESTAT:GOV_10DD_EDPT1(1.0),21/04/23 11:00:00,A,PC_GDP,S13,B9,LT,2001,-3.5,
ESTAT:GOV_10DD_EDPT1(1.0),21/04/23 11:00:00,A,PC_GDP,S13,B9,LT,2002,-1.9,
ESTAT:GOV_10DD_EDPT1(1.0),21/04/23 11:00:00,A,PC_GDP,S13,B9,LT,2003,-1.3,
ESTAT:GOV_10DD_EDPT1(1.0),21/04/23 11:00:00,A,PC_GDP,S13,B9,LT,2004,-1.4,
ESTAT:GOV_10DD_EDPT1(1.0),21/04/23 11:00:00,A,PC_GDP,S13,B9,LT,2005,-0.3,
ESTAT:GOV_10DD_EDPT1(1.0),21/04/23 11:00:00,A,PC_GDP,S13,B9,LT,2006,-0.3,
ESTAT:GOV_10DD_EDPT1(1.0),21/04/23 11:00:00,A,PC_GDP,S13,B9,LT,2007,-0.8,
ESTAT:GOV_10DD_EDPT1(1.0),21/04/23 11:00:00,A,PC_GDP,S13,B9,LT,2008,-3.1,
ESTAT:GOV_10DD_EDPT1(1.0),21/04/23 11:00:00,A,PC_GDP,S13,B9,LT,2009,-9.1,
ESTAT:GOV_10DD_EDPT1(1.0),21/04/23 11:00:00,A,PC_GDP,S13,B9,LT,2010,-6.9,
ESTAT:GOV_10DD_EDPT1(1.0),21/04/23 11:00:00,A,PC_GDP,S13,B9,LT,2011,-8.9,
ESTAT:GOV_10DD_EDPT1(1.0),21/04/23 11:00:00,A,PC_GDP,S13,B9,LT,2012,-3.2,
ESTAT:GOV_10DD_EDPT1(1.0),21/04/23 11:00:00,A,PC_GDP,S13,B9,LT,2013,-2.6,
ESTAT:GOV_10DD_EDPT1(1.0),21/04/23 11:00:00,A,PC_GDP,S13,B9,LT,2014,-0.6,
ESTAT:GOV_10DD_EDPT1(1.0),21/04/23 11:00:00,A,PC_GDP,S13,B9,LT,2015,-0.3,
ESTAT:GOV_10DD_EDPT1(1.0),21/04/23 11:00:00,A,PC_GDP,S13,B9,LT,2016,0.3,
ESTAT:GOV_10DD_EDPT1(1.0),21/04/23 11:00:00,A,PC_GDP,S13,B9,LT,2017,0.4,
ESTAT:GOV_10DD_EDPT1(1.0),21/04/23 11:00:00,A,PC_GDP,S13,B9,LT,2018,0.5,
ESTAT:GOV_10DD_EDPT1(1.0),21/04/23 11:00:00,A,PC_GDP,S13,B9,LT,2019,0.5,
ESTAT:GOV_10DD_EDPT1(1.0),21/04/23 11:00:00,A,PC_GDP,S13,B9,LT,2020,-6.5,
ESTAT:GOV_10DD_EDPT1(1.0),21/04/23 11:00:00,A,PC_GDP,S13,B9,LT,2021,-1.2,
ESTAT:GOV_10DD_EDPT1(1.0),21/04/23 11:00:00,A,PC_GDP,S13,B9,LT,2022,-0.6,
ESTAT:GOV_10DD_EDPT1(1.0),21/04/23 11:00:00,A,PC_GDP,S13,B9,LU,1995,2.7,
ESTAT:GOV_10DD_EDPT1(1.0),21/04/23 11:00:00,A,PC_GDP,S13,B9,LU,1996,2.3,
ESTAT:GOV_10DD_EDPT1(1.0),21/04/23 11:00:00,A,PC_GDP,S13,B9,LU,1997,2.5,
ESTAT:GOV_10DD_EDPT1(1.0),21/04/23 11:00:00,A,PC_GDP,S13,B9,LU,1998,2.8,
ESTAT:GOV_10DD_EDPT1(1.0),21/04/23 11:00:00,A,PC_GDP,S13,B9,LU,1999,3.1,
ESTAT:GOV_10DD_EDPT1(1.0),21/04/23 11:00:00,A,PC_GDP,S13,B9,LU,2000,5.5,
ESTAT:GOV_10DD_EDPT1(1.0),21/04/23 11:00:00,A,PC_GDP,S13,B9,LU,2001,5.6,
ESTAT:GOV_10DD_EDPT1(1.0),21/04/23 11:00:00,A,PC_GDP,S13,B9,LU,2002,2.0,
ESTAT:GOV_10DD_EDPT1(1.0),21/04/23 11:00:00,A,PC_GDP,S13,B9,LU,2003,0.3,
ESTAT:GOV_10DD_EDPT1(1.0),21/04/23 11:00:00,A,PC_GDP,S13,B9,LU,2004,-1.4,
ESTAT:GOV_10DD_EDPT1(1.0),21/04/23 11:00:00,A,PC_GDP,S13,B9,LU,2005,-0.2,
ESTAT:GOV_10DD_EDPT1(1.0),21/04/23 11:00:00,A,PC_GDP,S13,B9,LU,2006,1.9,
ESTAT:GOV_10DD_EDPT1(1.0),21/04/23 11:00:00,A,PC_GDP,S13,B9,LU,2007,4.4,
ESTAT:GOV_10DD_EDPT1(1.0),21/04/23 11:00:00,A,PC_GDP,S13,B9,LU,2008,3.4,
ESTAT:GOV_10DD_EDPT1(1.0),21/04/23 11:00:00,A,PC_GDP,S13,B9,LU,2009,-0.2,
ESTAT:GOV_10DD_EDPT1(1.0),21/04/23 11:00:00,A,PC_GDP,S13,B9,LU,2010,-0.3,
ESTAT:GOV_10DD_EDPT1(1.0),21/04/23 11:00:00,A,PC_GDP,S13,B9,LU,2011,0.7,
ESTAT:GOV_10DD_EDPT1(1.0),21/04/23 11:00:00,A,PC_GDP,S13,B9,LU,2012,0.5,
ESTAT:GOV_10DD_EDPT1(1.0),21/04/23 11:00:00,A,PC_GDP,S13,B9,LU,2013,0.8,
ESTAT:GOV_10DD_EDPT1(1.0),21/04/23 11:00:00,A,PC_GDP,S13,B9,LU,2014,1.3,
ESTAT:GOV_10DD_EDPT1(1.0),21/04/23 11:00:00,A,PC_GDP,S13,B9,LU,2015,1.3,
ESTAT:GOV_10DD_EDPT1(1.0),21/04/23 11:00:00,A,PC_GDP,S13,B9,LU,2016,1.9,
ESTAT:GOV_10DD_EDPT1(1.0),21/04/23 11:00:00,A,PC_GDP,S13,B9,LU,2017,1.4,
ESTAT:GOV_10DD_EDPT1(1.0),21/04/23 11:00:00,A,PC_GDP,S13,B9,LU,2018,3.0,
ESTAT:GOV_10DD_EDPT1(1.0),21/04/23 11:00:00,A,PC_GDP,S13,B9,LU,2019,2.2,
ESTAT:GOV_10DD_EDPT1(1.0),21/04/23 11:00:00,A,PC_GDP,S13,B9,LU,2020,-3.4,
ESTAT:GOV_10DD_EDPT1(1.0),21/04/23 11:00:00,A,PC_GDP,S13,B9,LU,2021,0.7,
ESTAT:GOV_10DD_EDPT1(1.0),21/04/23 11:00:00,A,PC_GDP,S13,B9,LU,2022,0.2,
ESTAT:GOV_10DD_EDPT1(1.0),21/04/23 11:00:00,A,PC_GDP,S13,B9,LV,1995,-1.4,
ESTAT:GOV_10DD_EDPT1(1.0),21/04/23 11:00:00,A,PC_GDP,S13,B9,LV,1996,-0.4,
ESTAT:GOV_10DD_EDPT1(1.0),21/04/23 11:00:00,A,PC_GDP,S13,B9,LV,1997,1.4,
ESTAT:GOV_10DD_EDPT1(1.0),21/04/23 11:00:00,A,PC_GDP,S13,B9,LV,1998,0.0,
ESTAT:GOV_10DD_EDPT1(1.0),21/04/23 11:00:00,A,PC_GDP,S13,B9,LV,1999,-3.7,
ESTAT:GOV_10DD_EDPT1(1.0),21/04/23 11:00:00,A,PC_GDP,S13,B9,LV,2000,-2.7,
ESTAT:GOV_10DD_EDPT1(1.0),21/04/23 11:00:00,A,PC_GDP,S13,B9,LV,2001,-1.9,
ESTAT:GOV_10DD_EDPT1(1.0),21/04/23 11:00:00,A,PC_GDP,S13,B9,LV,2002,-2.3,
ESTAT:GOV_10DD_EDPT1(1.0),21/04/23 11:00:00,A,PC_GDP,S13,B9,LV,2003,-1.6,
ESTAT:GOV_10DD_EDPT1(1.0),21/04/23 11:00:00,A,PC_GDP,S13,B9,LV,2004,-1.2,
ESTAT:GOV_10DD_EDPT1(1.0),21/04/23 11:00:00,A,PC_GDP,S13,B9,LV,2005,-0.5,
ESTAT:GOV_10DD_EDPT1(1.0),21/04/23 11:00:00,A,PC_GDP,S13,B9,LV,2006,-0.5,
ESTAT:GOV_10DD_EDPT1(1.0),21/04/23 11:00:00,A,PC_GDP,S13,B9,LV,2007,-0.6,
ESTAT:GOV_10DD_EDPT1(1.0),21/04/23 11:00:00,A,PC_GDP,S13,B9,LV,2008,-4.3,
ESTAT:GOV_10DD_EDPT1(1.0),21/04/23 11:00:00,A,PC_GDP,S13,B9,LV,2009,-9.5,
ESTAT:GOV_10DD_EDPT1(1.0),21/04/23 11:00:00,A,PC_GDP,S13,B9,LV,2010,-8.6,
ESTAT:GOV_10DD_EDPT1(1.0),21/04/23 11:00:00,A,PC_GDP,S13,B9,LV,2011,-4.3,
ESTAT:GOV_10DD_EDPT1(1.0),21/04/23 11:00:00,A,PC_GDP,S13,B9,LV,2012,-1.4,
ESTAT:GOV_10DD_EDPT1(1.0),21/04/23 11:00:00,A,PC_GDP,S13,B9,LV,2013,-1.2,
ESTAT:GOV_10DD_EDPT1(1.0),21/04/23 11:00:00,A,PC_GDP,S13,B9,LV,2014,-1.6,
ESTAT:GOV_10DD_EDPT1(1.0),21/04/23 11:00:00,A,PC_GDP,S13,B9,LV,2015,-1.4,
ESTAT:GOV_10DD_EDPT1(1.0),21/04/23 11:00:00,A,PC_GDP,S13,B9,LV,2016,0.0,
ESTAT:GOV_10DD_EDPT1(1.0),21/04/23 11:00:00,A,PC_GDP,S13,B9,LV,2017,-0.8,
ESTAT:GOV_10DD_EDPT1(1.0),21/04/23 11:00:00,A,PC_GDP,S13,B9,LV,2018,-0.8,
ESTAT:GOV_10DD_EDPT1(1.0),21/04/23 11:00:00,A,PC_GDP,S13,B9,LV,2019,-0.6,
ESTAT:GOV_10DD_EDPT1(1.0),21/04/23 11:00:00,A,PC_GDP,S13,B9,LV,2020,-4.4,
ESTAT:GOV_10DD_EDPT1(1.0),21/04/23 11:00:00,A,PC_GDP,S13,B9,LV,2021,-7.1,
ESTAT:GOV_10DD_EDPT1(1.0),21/04/23 11:00:00,A,PC_GDP,S13,B9,LV,2022,-4.4,
ESTAT:GOV_10DD_EDPT1(1.0),21/04/23 11:00:00,A,PC_GDP,S13,B9,MT,1995,-3.5,
ESTAT:GOV_10DD_EDPT1(1.0),21/04/23 11:00:00,A,PC_GDP,S13,B9,MT,1996,-7.7,
ESTAT:GOV_10DD_EDPT1(1.0),21/04/23 11:00:00,A,PC_GDP,S13,B9,MT,1997,-7.0,
ESTAT:GOV_10DD_EDPT1(1.0),21/04/23 11:00:00,A,PC_GDP,S13,B9,MT,1998,-9.2,
ESTAT:GOV_10DD_EDPT1(1.0),21/04/23 11:00:00,A,PC_GDP,S13,B9,MT,1999,-6.6,
ESTAT:GOV_10DD_EDPT1(1.0),21/04/23 11:00:00,A,PC_GDP,S13,B9,MT,2000,-5.5,
ESTAT:GOV_10DD_EDPT1(1.0),21/04/23 11:00:00,A,PC_GDP,S13,B9,MT,2001,-6.1,
ESTAT:GOV_10DD_EDPT1(1.0),21/04/23 11:00:00,A,PC_GDP,S13,B9,MT,2002,-5.3,
ESTAT:GOV_10DD_EDPT1(1.0),21/04/23 11:00:00,A,PC_GDP,S13,B9,MT,2003,-8.9,
ESTAT:GOV_10DD_EDPT1(1.0),21/04/23 11:00:00,A,PC_GDP,S13,B9,MT,2004,-4.2,
ESTAT:GOV_10DD_EDPT1(1.0),21/04/23 11:00:00,A,PC_GDP,S13,B9,MT,2005,-2.8,
ESTAT:GOV_10DD_EDPT1(1.0),21/04/23 11:00:00,A,PC_GDP,S13,B9,MT,2006,-2.5,
ESTAT:GOV_10DD_EDPT1(1.0),21/04/23 11:00:00,A,PC_GDP,S13,B9,MT,2007,-2.0,
ESTAT:GOV_10DD_EDPT1(1.0),21/04/23 11:00:00,A,PC_GDP,S13,B9,MT,2008,-4.1,
ESTAT:GOV_10DD_EDPT1(1.0),21/04/23 11:00:00,A,PC_GDP,S13,B9,MT,2009,-3.1,
ESTAT:GOV_10DD_EDPT1(1.0),21/04/23 11:00:00,A,PC_GDP,S13,B9,MT,2010,-2.2,
ESTAT:GOV_10DD_EDPT1(1.0),21/04/23 11:00:00,A,PC_GDP,S13,B9,MT,2011,-3.0,
ESTAT:GOV_10DD_EDPT1(1.0),21/04/23 11:00:00,A,PC_GDP,S13,B9,MT,2012,-3.4,
ESTAT:GOV_10DD_EDPT1(1.0),21/04/23 11:00:00,A,PC_GDP,S13,B9,MT,2013,-2.2,
ESTAT:GOV_10DD_EDPT1(1.0),21/04/23 11:00:00,A,PC_GDP,S13,B9,MT,2014,-1.5,
ESTAT:GOV_10DD_EDPT1(1.0),21/04/23 11:00:00,A,PC_GDP,S13,B9,MT,2015,-0.8,
ESTAT:GOV_10DD_EDPT1(1.0),21/04/23 11:00:00,A,PC_GDP,S13,B9,MT,2016,1.1,
ESTAT:GOV_10DD_EDPT1(1.0),21/04/23 11:00:00,A,PC_GDP,S13,B9,MT,2017,3.3,
ESTAT:GOV_10DD_EDPT1(1.0),21/04/23 11:00:00,A,PC_GDP,S13,B9,MT,2018,2.0,
ESTAT:GOV_10DD_EDPT1(1.0),21/04/23 11:00:00,A,PC_GDP,S13,B9,MT,2019,0.5,
ESTAT:GOV_10DD_EDPT1(1.0),21/04/23 11:00:00,A,PC_GDP,S13,B9,MT,2020,-9.7,
ESTAT:GOV_10DD_EDPT1(1.0),21/04/23 11:00:00,A,PC_GDP,S13,B9,MT,2021,-7.8,
ESTAT:GOV_10DD_EDPT1(1.0),21/04/23 11:00:00,A,PC_GDP,S13,B9,MT,2022,-5.8,
ESTAT:GOV_10DD_EDPT1(1.0),21/04/23 11:00:00,A,PC_GDP,S13,B9,NL,1995,-8.7,
ESTAT:GOV_10DD_EDPT1(1.0),21/04/23 11:00:00,A,PC_GDP,S13,B9,NL,1996,-1.8,
ESTAT:GOV_10DD_EDPT1(1.0),21/04/23 11:00:00,A,PC_GDP,S13,B9,NL,1997,-1.6,
ESTAT:GOV_10DD_EDPT1(1.0),21/04/23 11:00:00,A,PC_GDP,S13,B9,NL,1998,-1.4,
ESTAT:GOV_10DD_EDPT1(1.0),21/04/23 11:00:00,A,PC_GDP,S13,B9,NL,1999,0.2,
ESTAT:GOV_10DD_EDPT1(1.0),21/04/23 11:00:00,A,PC_GDP,S13,B9,NL,2000,1.2,
ESTAT:GOV_10DD_EDPT1(1.0),21/04/23 11:00:00,A,PC_GDP,S13,B9,NL,2001,-0.4,
ESTAT:GOV_10DD_EDPT1(1.0),21/04/23 11:00:00,A,PC_GDP,S13,B9,NL,2002,-2.0,
ESTAT:GOV_10DD_EDPT1(1.0),21/04/23 11:00:00,A,PC_GDP,S13,B9,NL,2003,-3.1,
ESTAT:GOV_10DD_EDPT1(1.0),21/04/23 11:00:00,A,PC_GDP,S13,B9,NL,2004,-1.8,
ESTAT:GOV_10DD_EDPT1(1.0),21/04/23 11:00:00,A,PC_GDP,S13,B9,NL,2005,-0.5,
ESTAT:GOV_10DD_EDPT1(1.0),21/04/23 11:00:00,A,PC_GDP,S13,B9,NL,2006,0.0,
ESTAT:GOV_10DD_EDPT1(1.0),21/04/23 11:00:00,A,PC_GDP,S13,B9,NL,2007,-0.2,
ESTAT:GOV_10DD_EDPT1(1.0),21/04/23 11:00:00,A,PC_GDP,S13,B9,NL,2008,0.1,
ESTAT:GOV_10DD_EDPT1(1.0),21/04/23 11:00:00,A,PC_GDP,S13,B9,NL,2009,-5.2,
ESTAT:GOV_10DD_EDPT1(1.0),21/04/23 11:00:00,A,PC_GDP,S13,B9,NL,2010,-5.3,
ESTAT:GOV_10DD_EDPT1(1.0),21/04/23 11:00:00,A,PC_GDP,S13,B9,NL,2011,-4.4,
ESTAT:GOV_10DD_EDPT1(1.0),21/04/23 11:00:00,A,PC_GDP,S13,B9,NL,2012,-3.9,
ESTAT:GOV_10DD_EDPT1(1.0),21/04/23 11:00:00,A,PC_GDP,S13,B9,NL,2013,-3.0,
ESTAT:GOV_10DD_EDPT1(1.0),21/04/23 11:00:00,A,PC_GDP,S13,B9,NL,2014,-2.3,
ESTAT:GOV_10DD_EDPT1(1.0),21/04/23 11:00:00,A,PC_GDP,S13,B9,NL,2015,-1.9,
ESTAT:GOV_10DD_EDPT1(1.0),21/04/23 11:00:00,A,PC_GDP,S13,B9,NL,2016,0.1,
ESTAT:GOV_10DD_EDPT1(1.0),21/04/23 11:00:00,A,PC_GDP,S13,B9,NL,2017,1.4,
ESTAT:GOV_10DD_EDPT1(1.0),21/04/23 11:00:00,A,PC_GDP,S13,B9,NL,2018,1.5,
ESTAT:GOV_10DD_EDPT1(1.0),21/04/23 11:00:00,A,PC_GDP,S13,B9,NL,2019,1.8,
ESTAT:GOV_10DD_EDPT1(1.0),21/04/23 11:00:00,A,PC_GDP,S13,B9,NL,2020,-3.7,
ESTAT:GOV_10DD_EDPT1(1.0),21/04/23 11:00:00,A,PC_GDP,S13,B9,NL,2021,-2.4,
ESTAT:GOV_10DD_EDPT1(1.0),21/04/23 11:00:00,A,PC_GDP,S13,B9,NL,2022,0.0,
ESTAT:GOV_10DD_EDPT1(1.0),21/04/23 11:00:00,A,PC_GDP,S13,B9,PT,1995,-5.2,
ESTAT:GOV_10DD_EDPT1(1.0),21/04/23 11:00:00,A,PC_GDP,S13,B9,PT,1996,-4.7,
ESTAT:GOV_10DD_EDPT1(1.0),21/04/23 11:00:00,A,PC_GDP,S13,B9,PT,1997,-3.7,
ESTAT:GOV_10DD_EDPT1(1.0),21/04/23 11:00:00,A,PC_GDP,S13,B9,PT,1998,-4.4,
ESTAT:GOV_10DD_EDPT1(1.0),21/04/23 11:00:00,A,PC_GDP,S13,B9,PT,1999,-3.0,
ESTAT:GOV_10DD_EDPT1(1.0),21/04/23 11:00:00,A,PC_GDP,S13,B9,PT,2000,-3.2,
ESTAT:GOV_10DD_EDPT1(1.0),21/04/23 11:00:00,A,PC_GDP,S13,B9,PT,2001,-4.8,
ESTAT:GOV_10DD_EDPT1(1.0),21/04/23 11:00:00,A,PC_GDP,S13,B9,PT,2002,-3.3,
ESTAT:GOV_10DD_EDPT1(1.0),21/04/23 11:00:00,A,PC_GDP,S13,B9,PT,2003,-5.7,
ESTAT:GOV_10DD_EDPT1(1.0),21/04/23 11:00:00,A,PC_GDP,S13,B9,PT,2004,-6.2,
ESTAT:GOV_10DD_EDPT1(1.0),21/04/23 11:00:00,A,PC_GDP,S13,B9,PT,2005,-6.1,
ESTAT:GOV_10DD_EDPT1(1.0),21/04/23 11:00:00,A,PC_GDP,S13,B9,PT,2006,-4.2,
ESTAT:GOV_10DD_EDPT1(1.0),21/04/23 11:00:00,A,PC_GDP,S13,B9,PT,2007,-2.9,
ESTAT:GOV_10DD_EDPT1(1.0),21/04/23 11:00:00,A,PC_GDP,S13,B9,PT,2008,-3.7,
ESTAT:GOV_10DD_EDPT1(1.0),21/04/23 11:00:00,A,PC_GDP,S13,B9,PT,2009,-9.9,
ESTAT:GOV_10DD_EDPT1(1.0),21/04/23 11:00:00,A,PC_GDP,S13,B9,PT,2010,-11.4,
ESTAT:GOV_10DD_EDPT1(1.0),21/04/23 11:00:00,A,PC_GDP,S13,B9,PT,2011,-7.7,
ESTAT:GOV_10DD_EDPT1(1.0),21/04/23 11:00:00,A,PC_GDP,S13,B9,PT,2012,-6.2,
ESTAT:GOV_10DD_EDPT1(1.0),21/04/23 11:00:00,A,PC_GDP,S13,B9,PT,2013,-5.1,
ESTAT:GOV_10DD_EDPT1(1.0),21/04/23 11:00:00,A,PC_GDP,S13,B9,PT,2014,-7.4,
ESTAT:GOV_10DD_EDPT1(1.0),21/04/23 11:00:00,A,PC_GDP,S13,B9,PT,2015,-4.4,
ESTAT:GOV_10DD_EDPT1(1.0),21/04/23 11:00:00,A,PC_GDP,S13,B9,PT,2016,-1.9,
ESTAT:GOV_10DD_EDPT1(1.0),21/04/23 11:00:00,A,PC_GDP,S13,B9,PT,2017,-3.0,
ESTAT:GOV_10DD_EDPT1(1.0),21/04/23 11:00:00,A,PC_GDP,S13,B9,PT,2018,-0.3,
ESTAT:GOV_10DD_EDPT1(1.0),21/04/23 11:00:00,A,PC_GDP,S13,B9,PT,2019,0.1,
ESTAT:GOV_10DD_EDPT1(1.0),21/04/23 11:00:00,A,PC_GDP,S13,B9,PT,2020,-5.8,
ESTAT:GOV_10DD_EDPT1(1.0),21/04/23 11:00:00,A,PC_GDP,S13,B9,PT,2021,-2.9,
ESTAT:GOV_10DD_EDPT1(1.0),21/04/23 11:00:00,A,PC_GDP,S13,B9,PT,2022,-0.4,
ESTAT:GOV_10DD_EDPT1(1.0),21/04/23 11:00:00,A,PC_GDP,S13,B9,SI,1995,-8.1,
ESTAT:GOV_10DD_EDPT1(1.0),21/04/23 11:00:00,A,PC_GDP,S13,B9,SI,1996,-1.1,
ESTAT:GOV_10DD_EDPT1(1.0),21/04/23 11:00:00,A,PC_GDP,S13,B9,SI,1997,-2.3,
ESTAT:GOV_10DD_EDPT1(1.0),21/04/23 11:00:00,A,PC_GDP,S13,B9,SI,1998,-2.3,
ESTAT:GOV_10DD_EDPT1(1.0),21/04/23 11:00:00,A,PC_GDP,S13,B9,SI,1999,-3.0,
ESTAT:GOV_10DD_EDPT1(1.0),21/04/23 11:00:00,A,PC_GDP,S13,B9,SI,2000,-3.6,
ESTAT:GOV_10DD_EDPT1(1.0),21/04/23 11:00:00,A,PC_GDP,S13,B9,SI,2001,-4.5,
ESTAT:GOV_10DD_EDPT1(1.0),21/04/23 11:00:00,A,PC_GDP,S13,B9,SI,2002,-2.4,
ESTAT:GOV_10DD_EDPT1(1.0),21/04/23 11:00:00,A,PC_GDP,S13,B9,SI,2003,-2.6,
ESTAT:GOV_10DD_EDPT1(1.0),21/04/23 11:00:00,A,PC_GDP,S13,B9,SI,2004,-1.9,
ESTAT:GOV_10DD_EDPT1(1.0),21/04/23 11:00:00,A,PC_GDP,S13,B9,SI,2005,-1.3,
ESTAT:GOV_10DD_EDPT1(1.0),21/04/23 11:00:00,A,PC_GDP,S13,B9,SI,2006,-1.2,
ESTAT:GOV_10DD_EDPT1(1.0),21/04/23 11:00:00,A,PC_GDP,S13,B9,SI,2007,0.0,
ESTAT:GOV_10DD_EDPT1(1.0),21/04/23 11:00:00,A,PC_GDP,S13,B9,SI,2008,-1.4,
ESTAT:GOV_10DD_EDPT1(1.0),21/04/23 11:00:00,A,PC_GDP,S13,B9,SI,2009,-5.8,
ESTAT:GOV_10DD_EDPT1(1.0),21/04/23 11:00:00,A,PC_GDP,S13,B9,SI,2010,-5.6,
ESTAT:GOV_10DD_EDPT1(1.0),21/04/23 11:00:00,A,PC_GDP,S13,B9,SI,2011,-6.6,
ESTAT:GOV_10DD_EDPT1(1.0),21/04/23 11:00:00,A,PC_GDP,S13,B9,SI,2012,-4.0,
ESTAT:GOV_10DD_EDPT1(1.0),21/04/23 11:00:00,A,PC_GDP,S13,B9,SI,2013,-14.6,
ESTAT:GOV_10DD_EDPT1(1.0),21/04/23 11:00:00,A,PC_GDP,S13,B9,SI,2014,-5.5,
ESTAT:GOV_10DD_EDPT1(1.0),21/04/23 11:00:00,A,PC_GDP,S13,B9,SI,2015,-2.8,
ESTAT:GOV_10DD_EDPT1(1.0),21/04/23 11:00:00,A,PC_GDP,S13,B9,SI,2016,-1.9,
ESTAT:GOV_10DD_EDPT1(1.0),21/04/23 11:00:00,A,PC_GDP,S13,B9,SI,2017,-0.1,
ESTAT:GOV_10DD_EDPT1(1.0),21/04/23 11:00:00,A,PC_GDP,S13,B9,SI,2018,0.7,
ESTAT:GOV_10DD_EDPT1(1.0),21/04/23 11:00:00,A,PC_GDP,S13,B9,SI,2019,0.7,
ESTAT:GOV_10DD_EDPT1(1.0),21/04/23 11:00:00,A,PC_GDP,S13,B9,SI,2020,-7.7,
ESTAT:GOV_10DD_EDPT1(1.0),21/04/23 11:00:00,A,PC_GDP,S13,B9,SI,2021,-4.6,
ESTAT:GOV_10DD_EDPT1(1.0),21/04/23 11:00:00,A,PC_GDP,S13,B9,SI,2022,-3.0,
ESTAT:GOV_10DD_EDPT1(1.0),21/04/23 11:00:00,A,PC_GDP,S13,B9,SK,1995,-3.5,
ESTAT:GOV_10DD_EDPT1(1.0),21/04/23 11:00:00,A,PC_GDP,S13,B9,SK,1996,-9.8,
ESTAT:GOV_10DD_EDPT1(1.0),21/04/23 11:00:00,A,PC_GDP,S13,B9,SK,1997,-6.3,
ESTAT:GOV_10DD_EDPT1(1.0),21/04/23 11:00:00,A,PC_GDP,S13,B9,SK,1998,-5.3,
ESTAT:GOV_10DD_EDPT1(1.0),21/04/23 11:00:00,A,PC_GDP,S13,B9,SK,1999,-7.2,
ESTAT:GOV_10DD_EDPT1(1.0),21/04/23 11:00:00,A,PC_GDP,S13,B9,SK,2000,-12.6,
ESTAT:GOV_10DD_EDPT1(1.0),21/04/23 11:00:00,A,PC_GDP,S13,B9,SK,2001,-7.2,
ESTAT:GOV_10DD_EDPT1(1.0),21/04/23 11:00:00,A,PC_GDP,S13,B9,SK,2002,-8.2,
ESTAT:GOV_10DD_EDPT1(1.0),21/04/23 11:00:00,A,PC_GDP,S13,B9,SK,2003,-3.1,
ESTAT:GOV_10DD_EDPT1(1.0),21/04/23 11:00:00,A,PC_GDP,S13,B9,SK,2004,-2.3,
ESTAT:GOV_10DD_EDPT1(1.0),21/04/23 11:00:00,A,PC_GDP,S13,B9,SK,2005,-2.9,
ESTAT:GOV_10DD_EDPT1(1.0),21/04/23 11:00:00,A,PC_GDP,S13,B9,SK,2006,-3.6,
ESTAT:GOV_10DD_EDPT1(1.0),21/04/23 11:00:00,A,PC_GDP,S13,B9,SK,2007,-2.1,
ESTAT:GOV_10DD_EDPT1(1.0),21/04/23 11:00:00,A,PC_GDP,S13,B9,SK,2008,-2.5,
ESTAT:GOV_10DD_EDPT1(1.0),21/04/23 11:00:00,A,PC_GDP,S13,B9,SK,2009,-8.1,
ESTAT:GOV_10DD_EDPT1(1.0),21/04/23 11:00:00,A,PC_GDP,S13,B9,SK,2010,-7.5,
ESTAT:GOV_10DD_EDPT1(1.0),21/04/23 11:00:00,A,PC_GDP,S13,B9,SK,2011,-4.3,
ESTAT:GOV_10DD_EDPT1(1.0),21/04/23 11:00:00,A,PC_GDP,S13,B9,SK,2012,-4.4,
ESTAT:GOV_10DD_EDPT1(1.0),21/04/23 11:00:00,A,PC_GDP,S13,B9,SK,2013,-2.9,
ESTAT:GOV_10DD_EDPT1(1.0),21/04/23 11:00:00,A,PC_GDP,S13,B9,SK,2014,-3.1,
ESTAT:GOV_10DD_EDPT1(1.0),21/04/23 11:00:00,A,PC_GDP,S13,B9,SK,2015,-2.7,
ESTAT:GOV_10DD_EDPT1(1.0),21/04/23 11:00:00,A,PC_GDP,S13,B9,SK,2016,-2.6,
ESTAT:GOV_10DD_EDPT1(1.0),21/04/23 11:00:00,A,PC_GDP,S13,B9,SK,2017,-1.0,
ESTAT:GOV_10DD_EDPT1(1.0),21/04/23 11:00:00,A,PC_GDP,S13,B9,SK,2018,-1.0,
ESTAT:GOV_10DD_EDPT1(1.0),21/04/23 11:00:00,A,PC_GDP,S13,B9,SK,2019,-1.2,
ESTAT:GOV_10DD_EDPT1(1.0),21/04/23 11:00:00,A,PC_GDP,S13,B9,SK,2020,-5.4,
ESTAT:GOV_10DD_EDPT1(1.0),21/04/23 11:00:00,A,PC_GDP,S13,B9,SK,2021,-5.4,
ESTAT:GOV_10DD_EDPT1(1.0),21/04/23 11:00:00,A,PC_GDP,S13,B9,SK,2022,-2.0,
