DATAFLOW,LAST UPDATE,freq,unit,co_nco,sector,finpos,na_item,geo,TIME_PERIOD,OBS_VALUE,OBS_FLAG
ESTAT:TIPSPD22(1.0),15/09/23 11:00:00,A,PC_GDP,CO,S14_S15,LIAB,F3_F4,AT,1995,42.1,
ESTAT:TIPSPD22(1.0),15/09/23 11:00:00,A,PC_GDP,CO,S14_S15,LIAB,F3_F4,AT,1996,42.9,
ESTAT:TIPSPD22(1.0),15/09/23 11:00:00,A,PC_GDP,CO,S14_S15,LIAB,F3_F4,AT,1997,43.0,
ESTAT:TIPSPD22(1.0),15/09/23 11:00:00,A,PC_GDP,CO,S14_S15,LIAB,F3_F4,AT,1998,42.3,
ESTAT:TIPSPD22(1.0),15/09/23 11:00:00,A,PC_GDP,CO,S14_S15,LIAB,F3_F4,AT,1999,44.4,
ESTAT:TIPSPD22(1.0),15/09/23 11:00:00,A,PC_GDP,CO,S14_S15,LIAB,F3_F4,AT,2000,45.0,
ESTAT:TIPSPD22(1.0),15/09/23 11:00:00,A,PC_GDP,CO,S14_S15,LIAB,F3_F4,AT,2001,45.3,
ESTAT:TIPSPD22(1.0),15/09/23 11:00:00,A,PC_GDP,CO,S14_S15,LIAB,F3_F4,AT,2002,46.1,
ESTAT:TIPSPD22(1.0),15/09/23 11:00:00,A,PC_GDP,CO,S14_S15,LIAB,F3_F4,AT,2003,46.7,
ESTAT:TIPSPD22(1.0),15/09/23 11:00:00,A,PC_GDP,CO,S14_S15,LIAB,F3_F4,AT,2004,47.6,
ESTAT:TIPSPD22(1.0),15/09/23 11:00:00,A,PC_GDP,CO,S14_S15,LIAB,F3_F4,AT,2005,51.9,
ESTAT:TIPSPD22(1.0),15/09/23 11:00:00,A,PC_GDP,CO,S14_S15,LIAB,F3_F4,AT,2006,52.4,
ESTAT:TIPSPD22(1.0),15/09/23 11:00:00,A,PC_GDP,CO,S14_S15,LIAB,F3_F4,AT,2007,51.6,
ESTAT:TIPSPD22(1.0),15/09/23 11:00:00,A,PC_GDP,CO,S14_S15,LIAB,F3_F4,AT,2008,52.2,
ESTAT:TIPSPD22(1.0),15/09/23 11:00:00,A,PC_GDP,CO,S14_S15,LIAB,F3_F4,AT,2009,53.5,
ESTAT:TIPSPD22(1.0),15/09/23 11:00:00,A,PC_GDP,CO,S14_S15,LIAB,F3_F4,AT,2010,54.6,
ESTAT:TIPSPD22(1.0),15/09/23 11:00:00,A,PC_GDP,CO,S14_S15,LIAB,F3_F4,AT,2011,53.2,
ESTAT:TIPSPD22(1.0),15/09/23 11:00:00,A,PC_GDP,CO,S14_S15,LIAB,F3_F4,AT,2012,52.0,
ESTAT:TIPSPD22(1.0),15/09/23 11:00:00,A,PC_GDP,CO,S14_S15,LIAB,F3_F4,AT,2013,51.2,
ESTAT:TIPSPD22(1.0),15/09/23 11:00:00,A,PC_GDP,CO,S14_S15,LIAB,F3_F4,AT,2014,51.0,
ESTAT:TIPSPD22(1.0),15/09/23 11:00:00,A,PC_GDP,CO,S14_S15,LIAB,F3_F4,AT,2015,50.8,
ESTAT:TIPSPD22(1.0),15/09/23 11:00:00,A,PC_GDP,CO,S14_S15,LIAB,F3_F4,AT,2016,51.1,
ESTAT:TIPSPD22(1.0),15/09/23 11:00:00,A,PC_GDP,CO,S14_S15,LIAB,F3_F4,AT,2017,50.3,
ESTAT:TIPSPD22(1.0),15/09/23 11:00:00,A,PC_GDP,CO,S14_S15,LIAB,F3_F4,AT,2018,49.7,
ESTAT:TIPSPD22(1.0),15/09/23 11:00:00,A,PC_GDP,CO,S14_S15,LIAB,F3_F4,AT,2019,49.6,
ESTAT:TIPSPD22(1.0),15/09/23 11:00:00,A,PC_GDP,CO,S14_S15,LIAB,F3_F4,AT,2020,53.2,
ESTAT:TIPSPD22(1.0),15/09/23 11:00:00,A,PC_GDP,CO,S14_S15,LIAB,F3_F4,AT,2021,52.1,
ESTAT:TIPSPD22(1.0),15/09/23 11:00:00,A,PC_GDP,CO,S14_S15,LIAB,F3_F4,BE,1995,37.8,
ESTAT:TIPSPD22(1.0),15/09/23 11:00:00,A,PC_GDP,CO,S14_S15,LIAB,F3_F4,BE,1996,39.4,
ESTAT:TIPSPD22(1.0),15/09/23 11:00:00,A,PC_GDP,CO,S14_S15,LIAB,F3_F4,BE,1997,40.3,
ESTAT:TIPSPD22(1.0),15/09/23 11:00:00,A,PC_GDP,CO,S14_S15,LIAB,F3_F4,BE,1998,41.7,
ESTAT:TIPSPD22(1.0),15/09/23 11:00:00,A,PC_GDP,CO,S14_S15,LIAB,F3_F4,BE,1999,42.1,
ESTAT:TIPSPD22(1.0),15/09/23 11:00:00,A,PC_GDP,CO,S14_S15,LIAB,F3_F4,BE,2000,40.8,
ESTAT:TIPSPD22(1.0),15/09/23 11:00:00,A,PC_GDP,CO,S14_S15,LIAB,F3_F4,BE,2001,39.1,
ESTAT:TIPSPD22(1.0),15/09/23 11:00:00,A,PC_GDP,CO,S14_S15,LIAB,F3_F4,BE,2002,39.4,
ESTAT:TIPSPD22(1.0),15/09/23 11:00:00,A,PC_GDP,CO,S14_S15,LIAB,F3_F4,BE,2003,39.5,
ESTAT:TIPSPD22(1.0),15/09/23 11:00:00,A,PC_GDP,CO,S14_S15,LIAB,F3_F4,BE,2004,40.5,
ESTAT:TIPSPD22(1.0),15/09/23 11:00:00,A,PC_GDP,CO,S14_S15,LIAB,F3_F4,BE,2005,43.3,
ESTAT:TIPSPD22(1.0),15/09/23 11:00:00,A,PC_GDP,CO,S14_S15,LIAB,F3_F4,BE,2006,45.5,
ESTAT:TIPSPD22(1.0),15/09/23 11:00:00,A,PC_GDP,CO,S14_S15,LIAB,F3_F4,BE,2007,47.1,
ESTAT:TIPSPD22(1.0),15/09/23 11:00:00,A,PC_GDP,CO,S14_S15,LIAB,F3_F4,BE,2008,49.9,
ESTAT:TIPSPD22(1.0),15/09/23 11:00:00,A,PC_GDP,CO,S14_S15,LIAB,F3_F4,BE,2009,52.3,
ESTAT:TIPSPD22(1.0),15/09/23 11:00:00,A,PC_GDP,CO,S14_S15,LIAB,F3_F4,BE,2010,53.0,
ESTAT:TIPSPD22(1.0),15/09/23 11:00:00,A,PC_GDP,CO,S14_S15,LIAB,F3_F4,BE,2011,54.8,
ESTAT:TIPSPD22(1.0),15/09/23 11:00:00,A,PC_GDP,CO,S14_S15,LIAB,F3_F4,BE,2012,55.1,
ESTAT:TIPSPD22(1.0),15/09/23 11:00:00,A,PC_GDP,CO,S14_S15,LIAB,F3_F4,BE,2013,55.7,
ESTAT:TIPSPD22(1.0),15/09/23 11:00:00,A,PC_GDP,CO,S14_S15,LIAB,F3_F4,BE,2014,57.5,
ESTAT:TIPSPD22(1.0),15/09/23 11:00:00,A,PC_GDP,CO,S14_S15,LIAB,F3_F4,BE,2015,57.9,
ESTAT:TIPSPD22(1.0),15/09/23 11:00:00,A,PC_GDP,CO,S14_S15,LIAB,F3_F4,BE,2016,58.2,
ESTAT:TIPSPD22(1.0),15/09/23 11:00:00,A,PC_GDP,CO,S14_S15,LIAB,F3_F4,BE,2017,58.9,
ESTAT:TIPSPD22(1.0),15/09/23 11:00:00,A,PC_GDP,CO,S14_S15,LIAB,F3_F4,BE,2018,59.0,
ESTAT:TIPSPD22(1.0),15/09/23 11:00:00,A,PC_GDP,CO,S14_S15,LIAB,F3_F4,BE,2019,60.5,
ESTAT:TIPSPD22(1.0),15/09/23 11:00:00,A,PC_GDP,CO,S14_S15,LIAB,F3_F4,BE,2020,65.4,p
ESTAT:TIPSPD22(1.0),15/09/23 11:00:00,A,PC_GDP,CO,S14_S15,LIAB,F3_F4,BE,2021,62.8,p
ESTAT:TIPSPD22(1.0),15/09/23 11:00:00,A,PC_GDP,CO,S14_S15,LIAB,F3_F4,BE,2022,60.4,p
ESTAT:TIPSPD22(1.0),15/09/23 11:00:00,A,PC_GDP,CO,S14_S15,LIAB,F3_F4,CY,1995,62.9,
ESTAT:TIPSPD22(1.0),15/09/23 11:00:00,A,PC_GDP,CO,S14_S15,LIAB,F3_F4,CY,1996,66.0,
ESTAT:TIPSPD22(1.0),15/09/23 11:00:00,A,PC_GDP,CO,S14_S15,LIAB,F3_F4,CY,1997,69.0,
ESTAT:TIPSPD22(1.0),15/09/23 11:00:00,A,PC_GDP,CO,S14_S15,LIAB,F3_F4,CY,1998,70.2,
ESTAT:TIPSPD22(1.0),15/09/23 11:00:00,A,PC_GDP,CO,S14_S15,LIAB,F3_F4,CY,1999,77.0,
ESTAT:TIPSPD22(1.0),15/09/23 11:00:00,A,PC_GDP,CO,S14_S15,LIAB,F3_F4,CY,2000,77.7,
ESTAT:TIPSPD22(1.0),15/09/23 11:00:00,A,PC_GDP,CO,S14_S15,LIAB,F3_F4,CY,2001,75.0,
ESTAT:TIPSPD22(1.0),15/09/23 11:00:00,A,PC_GDP,CO,S14_S15,LIAB,F3_F4,CY,2002,74.1,
ESTAT:TIPSPD22(1.0),15/09/23 11:00:00,A,PC_GDP,CO,S14_S15,LIAB,F3_F4,CY,2003,69.2,
ESTAT:TIPSPD22(1.0),15/09/23 11:00:00,A,PC_GDP,CO,S14_S15,LIAB,F3_F4,CY,2004,73.3,
ESTAT:TIPSPD22(1.0),15/09/23 11:00:00,A,PC_GDP,CO,S14_S15,LIAB,F3_F4,CY,2005,90.6,
ESTAT:TIPSPD22(1.0),15/09/23 11:00:00,A,PC_GDP,CO,S14_S15,LIAB,F3_F4,CY,2006,91.9,
ESTAT:TIPSPD22(1.0),15/09/23 11:00:00,A,PC_GDP,CO,S14_S15,LIAB,F3_F4,CY,2007,98.2,
ESTAT:TIPSPD22(1.0),15/09/23 11:00:00,A,PC_GDP,CO,S14_S15,LIAB,F3_F4,CY,2008,104.0,
ESTAT:TIPSPD22(1.0),15/09/23 11:00:00,A,PC_GDP,CO,S14_S15,LIAB,F3_F4,CY,2009,113.5,
ESTAT:TIPSPD22(1.0),15/09/23 11:00:00,A,PC_GDP,CO,S14_S15,LIAB,F3_F4,CY,2010,118.0,
ESTAT:TIPSPD22(1.0),15/09/23 11:00:00,A,PC_GDP,CO,S14_S15,LIAB,F3_F4,CY,2011,121.5,
ESTAT:TIPSPD22(1.0),15/09/23 11:00:00,A,PC_GDP,CO,S14_S15,LIAB,F3_F4,CY,2012,127.5,
ESTAT:TIPSPD22(1.0),15/09/23 11:00:00,A,PC_GDP,CO,S14_S15,LIAB,F3_F4,CY,2013,129.3,
ESTAT:TIPSPD22(1.0),15/09/23 11:00:00,A,PC_GDP,CO,S14_S15,LIAB,F3_F4,CY,2014,131.0,
ESTAT:TIPSPD22(1.0),15/09/23 11:00:00,A,PC_GDP,CO,S14_S15,LIAB,F3_F4,CY,2015,126.4,
ESTAT:TIPSPD22(1.0),15/09/23 11:00:00,A,PC_GDP,CO,S14_S15,LIAB,F3_F4,CY,2016,115.7,
ESTAT:TIPSPD22(1.0),15/09/23 11:00:00,A,PC_GDP,CO,S14_S15,LIAB,F3_F4,CY,2017,105.0,
ESTAT:TIPSPD22(1.0),15/09/23 11:00:00,A,PC_GDP,CO,S14_S15,LIAB,F3_F4,CY,2018,95.8,
ESTAT:TIPSPD22(1.0),15/09/23 11:00:00,A,PC_GDP,CO,S14_S15,LIAB,F3_F4,CY,2019,86.2,
ESTAT:TIPSPD22(1.0),15/09/23 11:00:00,A,PC_GDP,CO,S14_S15,LIAB,F3_F4,CY,2020,89.4,
ESTAT:TIPSPD22(1.0),15/09/23 11:00:00,A,PC_GDP,CO,S14_S15,LIAB,F3_F4,CY,2021,83.0,p
ESTAT:TIPSPD22(1.0),15/09/23 11:00:00,A,PC_GDP,CO,S14_S15,LIAB,F3_F4,DE,1995,60.0,
ESTAT:TIPSPD22(1.0),15/09/23 11:00:00,A,PC_GDP,CO,S14_S15,LIAB,F3_F4,DE,1996,63.3,
ESTAT:TIPSPD22(1.0),15/09/23 11:00:00,A,PC_GDP,CO,S14_S15,LIAB,F3_F4,DE,1997,65.2,
ESTAT:TIPSPD22(1.0),15/09/23 11:00:00,A,PC_GDP,CO,S14_S15,LIAB,F3_F4,DE,1998,67.2,
ESTAT:TIPSPD22(1.0),15/09/23 11:00:00,A,PC_GDP,CO,S14_S15,LIAB,F3_F4,DE,1999,70.6,
ESTAT:TIPSPD22(1.0),15/09/23 11:00:00,A,PC_GDP,CO,S14_S15,LIAB,F3_F4,DE,2000,71.2,
ESTAT:TIPSPD22(1.0),15/09/23 11:00:00,A,PC_GDP,CO,S14_S15,LIAB,F3_F4,DE,2001,70.1,
ESTAT:TIPSPD22(1.0),15/09/23 11:00:00,A,PC_GDP,CO,S14_S15,LIAB,F3_F4,DE,2002,70.0,
ESTAT:TIPSPD22(1.0),15/09/23 11:00:00,A,PC_GDP,CO,S14_S15,LIAB,F3_F4,DE,2003,70.3,
ESTAT:TIPSPD22(1.0),15/09/23 11:00:00,A,PC_GDP,CO,S14_S15,LIAB,F3_F4,DE,2004,68.8,
ESTAT:TIPSPD22(1.0),15/09/23 11:00:00,A,PC_GDP,CO,S14_S15,LIAB,F3_F4,DE,2005,67.9,
ESTAT:TIPSPD22(1.0),15/09/23 11:00:00,A,PC_GDP,CO,S14_S15,LIAB,F3_F4,DE,2006,65.3,
ESTAT:TIPSPD22(1.0),15/09/23 11:00:00,A,PC_GDP,CO,S14_S15,LIAB,F3_F4,DE,2007,61.5,
ESTAT:TIPSPD22(1.0),15/09/23 11:00:00,A,PC_GDP,CO,S14_S15,LIAB,F3_F4,DE,2008,59.7,
ESTAT:TIPSPD22(1.0),15/09/23 11:00:00,A,PC_GDP,CO,S14_S15,LIAB,F3_F4,DE,2009,62.1,
ESTAT:TIPSPD22(1.0),15/09/23 11:00:00,A,PC_GDP,CO,S14_S15,LIAB,F3_F4,DE,2010,59.4,
ESTAT:TIPSPD22(1.0),15/09/23 11:00:00,A,PC_GDP,CO,S14_S15,LIAB,F3_F4,DE,2011,57.1,
ESTAT:TIPSPD22(1.0),15/09/23 11:00:00,A,PC_GDP,CO,S14_S15,LIAB,F3_F4,DE,2012,56.6,
ESTAT:TIPSPD22(1.0),15/09/23 11:00:00,A,PC_GDP,CO,S14_S15,LIAB,F3_F4,DE,2013,55.7,
ESTAT:TIPSPD22(1.0),15/09/23 11:00:00,A,PC_GDP,CO,S14_S15,LIAB,F3_F4,DE,2014,54.2,
ESTAT:TIPSPD22(1.0),15/09/23 11:00:00,A,PC_GDP,CO,S14_S15,LIAB,F3_F4,DE,2015,53.6,
ESTAT:TIPSPD22(1.0),15/09/23 11:00:00,A,PC_GDP,CO,S14_S15,LIAB,F3_F4,DE,2016,53.3,
ESTAT:TIPSPD22(1.0),15/09/23 11:00:00,A,PC_GDP,CO,S14_S15,LIAB,F3_F4,DE,2017,52.9,
ESTAT:TIPSPD22(1.0),15/09/23 11:00:00,A,PC_GDP,CO,S14_S15,LIAB,F3_F4,DE,2018,52.7,
ESTAT:TIPSPD22(1.0),15/09/23 11:00:00,A,PC_GDP,CO,S14_S15,LIAB,F3_F4,DE,2019,53.4,p
ESTAT:TIPSPD22(1.0),15/09/23 11:00:00,A,PC_GDP,CO,S14_S15,LIAB,F3_F4,DE,2020,57.0,p
ESTAT:TIPSPD22(1.0),15/09/23 11:00:00,A,PC_GDP,CO,S14_S15,LIAB,F3_F4,DE,2021,56.7,p
ESTAT:TIPSPD22(1.0),15/09/23 11:00:00,A,PC_GDP,CO,S14_S15,LIAB,F3_F4,EE,1995,1.8,
ESTAT:TIPSPD22(1.0),15/09/23 11:00:00,A,PC_GDP,CO,S14_S15,LIAB,F3_F4,EE,1996,3.4,
ESTAT:TIPSPD22(1.0),15/09/23 11:00:00,A,PC_GDP,CO,S14_S15,LIAB,F3_F4,EE,1997,6.3,
ESTAT:TIPSPD22(1.0),15/09/23 11:00:00,A,PC_GDP,CO,S14_S15,LIAB,F3_F4,EE,1998,5.8,
ESTAT:TIPSPD22(1.0),15/09/23 11:00:00,A,PC_GDP,CO,S14_S15,LIAB,F3_F4,EE,1999,7.0,
ESTAT:TIPSPD22(1.0),15/09/23 11:00:00,A,PC_GDP,CO,S14_S15,LIAB,F3_F4,EE,2000,8.7,
ESTAT:TIPSPD22(1.0),15/09/23 11:00:00,A,PC_GDP,CO,S14_S15,LIAB,F3_F4,EE,2001,10.8,
ESTAT:TIPSPD22(1.0),15/09/23 11:00:00,A,PC_GDP,CO,S14_S15,LIAB,F3_F4,EE,2002,14.1,
ESTAT:TIPSPD22(1.0),15/09/23 11:00:00,A,PC_GDP,CO,S14_S15,LIAB,F3_F4,EE,2003,18.4,
ESTAT:TIPSPD22(1.0),15/09/23 11:00:00,A,PC_GDP,CO,S14_S15,LIAB,F3_F4,EE,2004,24.2,
ESTAT:TIPSPD22(1.0),15/09/23 11:00:00,A,PC_GDP,CO,S14_S15,LIAB,F3_F4,EE,2005,32.0,
ESTAT:TIPSPD22(1.0),15/09/23 11:00:00,A,PC_GDP,CO,S14_S15,LIAB,F3_F4,EE,2006,41.9,
ESTAT:TIPSPD22(1.0),15/09/23 11:00:00,A,PC_GDP,CO,S14_S15,LIAB,F3_F4,EE,2007,46.1,
ESTAT:TIPSPD22(1.0),15/09/23 11:00:00,A,PC_GDP,CO,S14_S15,LIAB,F3_F4,EE,2008,50.6,
ESTAT:TIPSPD22(1.0),15/09/23 11:00:00,A,PC_GDP,CO,S14_S15,LIAB,F3_F4,EE,2009,57.5,
ESTAT:TIPSPD22(1.0),15/09/23 11:00:00,A,PC_GDP,CO,S14_S15,LIAB,F3_F4,EE,2010,52.9,
ESTAT:TIPSPD22(1.0),15/09/23 11:00:00,A,PC_GDP,CO,S14_S15,LIAB,F3_F4,EE,2011,45.6,
ESTAT:TIPSPD22(1.0),15/09/23 11:00:00,A,PC_GDP,CO,S14_S15,LIAB,F3_F4,EE,2012,42.0,
ESTAT:TIPSPD22(1.0),15/09/23 11:00:00,A,PC_GDP,CO,S14_S15,LIAB,F3_F4,EE,2013,40.2,
ESTAT:TIPSPD22(1.0),15/09/23 11:00:00,A,PC_GDP,CO,S14_S15,LIAB,F3_F4,EE,2014,38.9,
ESTAT:TIPSPD22(1.0),15/09/23 11:00:00,A,PC_GDP,CO,S14_S15,LIAB,F3_F4,EE,2015,39.7,
ESTAT:TIPSPD22(1.0),15/09/23 11:00:00,A,PC_GDP,CO,S14_S15,LIAB,F3_F4,EE,2016,40.0,
ESTAT:TIPSPD22(1.0),15/09/23 11:00:00,A,PC_GDP,CO,S14_S15,LIAB,F3_F4,EE,2017,39.4,
ESTAT:TIPSPD22(1.0),15/09/23 11:00:00,A,PC_GDP,CO,S14_S15,LIAB,F3_F4,EE,2018,38.5,
ESTAT:TIPSPD22(1.0),15/09/23 11:00:00,A,PC_GDP,CO,S14_S15,LIAB,F3_F4,EE,2019,38.6,
ESTAT:TIPSPD22(1.0),15/09/23 11:00:00,A,PC_GDP,CO,S14_S15,LIAB,F3_F4,EE,2020,40.7,
ESTAT:TIPSPD22(1.0),15/09/23 11:00:00,A,PC_GDP,CO,S14_S15,LIAB,F3_F4,EE,2021,37.8,
ESTAT:TIPSPD22(1.0),15/09/23 11:00:00,A,PC_GDP,CO,S14_S15,LIAB,F3_F4,EL,1995,5.6,
ESTAT:TIPSPD22(1.0),15/09/23 11:00:00,A,PC_GDP,CO,S14_S15,LIAB,F3_F4,EL,1996,6.5,
ESTAT:TIPSPD22(1.0),15/09/23 11:00:00,A,PC_GDP,CO,S14_S15,LIAB,F3_F4,EL,1997,8.0,
ESTAT:TIPSPD22(1.0),15/09/23 11:00:00,A,PC_GDP,CO,S14_S15,LIAB,F3_F4,EL,1998,9.0,
ESTAT:TIPSPD22(1.0),15/09/23 11:00:00,A,PC_GDP,CO,S14_S15,LIAB,F3_F4,EL,1999,10.5,
ESTAT:TIPSPD22(1.0),15/09/23 11:00:00,A,PC_GDP,CO,S14_S15,LIAB,F3_F4,EL,2000,13.1,
ESTAT:TIPSPD22(1.0),15/09/23 11:00:00,A,PC_GDP,CO,S14_S15,LIAB,F3_F4,EL,2001,16.8,
ESTAT:TIPSPD22(1.0),15/09/23 11:00:00,A,PC_GDP,CO,S14_S15,LIAB,F3_F4,EL,2002,20.7,
ESTAT:TIPSPD22(1.0),15/09/23 11:00:00,A,PC_GDP,CO,S14_S15,LIAB,F3_F4,EL,2003,24.1,
ESTAT:TIPSPD22(1.0),15/09/23 11:00:00,A,PC_GDP,CO,S14_S15,LIAB,F3_F4,EL,2004,28.9,
ESTAT:TIPSPD22(1.0),15/09/23 11:00:00,A,PC_GDP,CO,S14_S15,LIAB,F3_F4,EL,2005,36.1,
ESTAT:TIPSPD22(1.0),15/09/23 11:00:00,A,PC_GDP,CO,S14_S15,LIAB,F3_F4,EL,2006,41.0,
ESTAT:TIPSPD22(1.0),15/09/23 11:00:00,A,PC_GDP,CO,S14_S15,LIAB,F3_F4,EL,2007,46.4,
ESTAT:TIPSPD22(1.0),15/09/23 11:00:00,A,PC_GDP,CO,S14_S15,LIAB,F3_F4,EL,2008,50.2,
ESTAT:TIPSPD22(1.0),15/09/23 11:00:00,A,PC_GDP,CO,S14_S15,LIAB,F3_F4,EL,2009,52.2,
ESTAT:TIPSPD22(1.0),15/09/23 11:00:00,A,PC_GDP,CO,S14_S15,LIAB,F3_F4,EL,2010,62.0,b
ESTAT:TIPSPD22(1.0),15/09/23 11:00:00,A,PC_GDP,CO,S14_S15,LIAB,F3_F4,EL,2011,65.3,
ESTAT:TIPSPD22(1.0),15/09/23 11:00:00,A,PC_GDP,CO,S14_S15,LIAB,F3_F4,EL,2012,66.1,
ESTAT:TIPSPD22(1.0),15/09/23 11:00:00,A,PC_GDP,CO,S14_S15,LIAB,F3_F4,EL,2013,66.1,
ESTAT:TIPSPD22(1.0),15/09/23 11:00:00,A,PC_GDP,CO,S14_S15,LIAB,F3_F4,EL,2014,64.2,
ESTAT:TIPSPD22(1.0),15/09/23 11:00:00,A,PC_GDP,CO,S14_S15,LIAB,F3_F4,EL,2015,62.5,
ESTAT:TIPSPD22(1.0),15/09/23 11:00:00,A,PC_GDP,CO,S14_S15,LIAB,F3_F4,EL,2016,61.0,
ESTAT:TIPSPD22(1.0),15/09/23 11:00:00,A,PC_GDP,CO,S14_S15,LIAB,F3_F4,EL,2017,58.1,
ESTAT:TIPSPD22(1.0),15/09/23 11:00:00,A,PC_GDP,CO,S14_S15,LIAB,F3_F4,EL,2018,58.7,
ESTAT:TIPSPD22(1.0),15/09/23 11:00:00,A,PC_GDP,CO,S14_S15,LIAB,F3_F4,EL,2019,55.9,
ESTAT:TIPSPD22(1.0),15/09/23 11:00:00,A,PC_GDP,CO,S14_S15,LIAB,F3_F4,EL,2020,59.6,p
ESTAT:TIPSPD22(1.0),15/09/23 11:00:00,A,PC_GDP,CO,S14_S15,LIAB,F3_F4,EL,2021,55.6,p
ESTAT:TIPSPD22(1.0),15/09/23 11:00:00,A,PC_GDP,CO,S14_S15,LIAB,F3_F4,EL,2022,45.0,p
ESTAT:TIPSPD22(1.0),15/09/23 11:00:00,A,PC_GDP,CO,S14_S15,LIAB,F3_F4,ES,1995,31.2,
ESTAT:TIPSPD22(1.0),15/09/23 11:00:00,A,PC_GDP,CO,S14_S15,LIAB,F3_F4,ES,1996,32.1,
ESTAT:TIPSPD22(1.0),15/09/23 11:00:00,A,PC_GDP,CO,S14_S15,LIAB,F3_F4,ES,1997,34.3,
ESTAT:TIPSPD22(1.0),15/09/23 11:00:00,A,PC_GDP,CO,S14_S15,LIAB,F3_F4,ES,1998,37.9,
ESTAT:TIPSPD22(1.0),15/09/23 11:00:00,A,PC_GDP,CO,S14_S15,LIAB,F3_F4,ES,1999,42.1,
ESTAT:TIPSPD22(1.0),15/09/23 11:00:00,A,PC_GDP,CO,S14_S15,LIAB,F3_F4,ES,2000,45.4,
ESTAT:TIPSPD22(1.0),15/09/23 11:00:00,A,PC_GDP,CO,S14_S15,LIAB,F3_F4,ES,2001,47.1,
ESTAT:TIPSPD22(1.0),15/09/23 11:00:00,A,PC_GDP,CO,S14_S15,LIAB,F3_F4,ES,2002,51.0,
ESTAT:TIPSPD22(1.0),15/09/23 11:00:00,A,PC_GDP,CO,S14_S15,LIAB,F3_F4,ES,2003,56.6,
ESTAT:TIPSPD22(1.0),15/09/23 11:00:00,A,PC_GDP,CO,S14_S15,LIAB,F3_F4,ES,2004,63.4,
ESTAT:TIPSPD22(1.0),15/09/23 11:00:00,A,PC_GDP,CO,S14_S15,LIAB,F3_F4,ES,2005,70.8,
ESTAT:TIPSPD22(1.0),15/09/23 11:00:00,A,PC_GDP,CO,S14_S15,LIAB,F3_F4,ES,2006,78.0,
ESTAT:TIPSPD22(1.0),15/09/23 11:00:00,A,PC_GDP,CO,S14_S15,LIAB,F3_F4,ES,2007,81.8,
ESTAT:TIPSPD22(1.0),15/09/23 11:00:00,A,PC_GDP,CO,S14_S15,LIAB,F3_F4,ES,2008,82.6,
ESTAT:TIPSPD22(1.0),15/09/23 11:00:00,A,PC_GDP,CO,S14_S15,LIAB,F3_F4,ES,2009,85.0,
ESTAT:TIPSPD22(1.0),15/09/23 11:00:00,A,PC_GDP,CO,S14_S15,LIAB,F3_F4,ES,2010,84.4,
ESTAT:TIPSPD22(1.0),15/09/23 11:00:00,A,PC_GDP,CO,S14_S15,LIAB,F3_F4,ES,2011,82.5,
ESTAT:TIPSPD22(1.0),15/09/23 11:00:00,A,PC_GDP,CO,S14_S15,LIAB,F3_F4,ES,2012,81.5,
ESTAT:TIPSPD22(1.0),15/09/23 11:00:00,A,PC_GDP,CO,S14_S15,LIAB,F3_F4,ES,2013,77.7,
ESTAT:TIPSPD22(1.0),15/09/23 11:00:00,A,PC_GDP,CO,S14_S15,LIAB,F3_F4,ES,2014,73.4,
ESTAT:TIPSPD22(1.0),15/09/23 11:00:00,A,PC_GDP,CO,S14_S15,LIAB,F3_F4,ES,2015,68.0,
ESTAT:TIPSPD22(1.0),15/09/23 11:00:00,A,PC_GDP,CO,S14_S15,LIAB,F3_F4,ES,2016,64.5,
ESTAT:TIPSPD22(1.0),15/09/23 11:00:00,A,PC_GDP,CO,S14_S15,LIAB,F3_F4,ES,2017,61.1,
ESTAT:TIPSPD22(1.0),15/09/23 11:00:00,A,PC_GDP,CO,S14_S15,LIAB,F3_F4,ES,2018,58.9,
ESTAT:TIPSPD22(1.0),15/09/23 11:00:00,A,PC_GDP,CO,S14_S15,LIAB,F3_F4,ES,2019,56.8,
ESTAT:TIPSPD22(1.0),15/09/23 11:00:00,A,PC_GDP,CO,S14_S15,LIAB,F3_F4,ES,2020,62.6,p
ESTAT:TIPSPD22(1.0),15/09/23 11:00:00,A,PC_GDP,CO,S14_S15,LIAB,F3_F4,ES,2021,58.4,p
ESTAT:TIPSPD22(1.0),15/09/23 11:00:00,A,PC_GDP,CO,S14_S15,LIAB,F3_F4,ES,2022,53.0,p
ESTAT:TIPSPD22(1.0),15/09/23 11:00:00,A,PC_GDP,CO,S14_S15,LIAB,F3_F4,FI,1995,36.3,
ESTAT:TIPSPD22(1.0),15/09/23 11:00:00,A,PC_GDP,CO,S14_S15,LIAB,F3_F4,FI,1996,33.5,
ESTAT:TIPSPD22(1.0),15/09/23 11:00:00,A,PC_GDP,CO,S14_S15,LIAB,F3_F4,FI,1997,30.2,
ESTAT:TIPSPD22(1.0),15/09/23 11:00:00,A,PC_GDP,CO,S14_S15,LIAB,F3_F4,FI,1998,29.6,
ESTAT:TIPSPD22(1.0),15/09/23 11:00:00,A,PC_GDP,CO,S14_S15,LIAB,F3_F4,FI,1999,30.9,
ESTAT:TIPSPD22(1.0),15/09/23 11:00:00,A,PC_GDP,CO,S14_S15,LIAB,F3_F4,FI,2000,31.2,
ESTAT:TIPSPD22(1.0),15/09/23 11:00:00,A,PC_GDP,CO,S14_S15,LIAB,F3_F4,FI,2001,31.8,
ESTAT:TIPSPD22(1.0),15/09/23 11:00:00,A,PC_GDP,CO,S14_S15,LIAB,F3_F4,FI,2002,34.1,
ESTAT:TIPSPD22(1.0),15/09/23 11:00:00,A,PC_GDP,CO,S14_S15,LIAB,F3_F4,FI,2003,37.5,
ESTAT:TIPSPD22(1.0),15/09/23 11:00:00,A,PC_GDP,CO,S14_S15,LIAB,F3_F4,FI,2004,40.6,
ESTAT:TIPSPD22(1.0),15/09/23 11:00:00,A,PC_GDP,CO,S14_S15,LIAB,F3_F4,FI,2005,44.9,
ESTAT:TIPSPD22(1.0),15/09/23 11:00:00,A,PC_GDP,CO,S14_S15,LIAB,F3_F4,FI,2006,48.2,
ESTAT:TIPSPD22(1.0),15/09/23 11:00:00,A,PC_GDP,CO,S14_S15,LIAB,F3_F4,FI,2007,49.3,
ESTAT:TIPSPD22(1.0),15/09/23 11:00:00,A,PC_GDP,CO,S14_S15,LIAB,F3_F4,FI,2008,51.1,
ESTAT:TIPSPD22(1.0),15/09/23 11:00:00,A,PC_GDP,CO,S14_S15,LIAB,F3_F4,FI,2009,57.3,
ESTAT:TIPSPD22(1.0),15/09/23 11:00:00,A,PC_GDP,CO,S14_S15,LIAB,F3_F4,FI,2010,58.9,
ESTAT:TIPSPD22(1.0),15/09/23 11:00:00,A,PC_GDP,CO,S14_S15,LIAB,F3_F4,FI,2011,59.0,
ESTAT:TIPSPD22(1.0),15/09/23 11:00:00,A,PC_GDP,CO,S14_S15,LIAB,F3_F4,FI,2012,61.0,
ESTAT:TIPSPD22(1.0),15/09/23 11:00:00,A,PC_GDP,CO,S14_S15,LIAB,F3_F4,FI,2013,61.5,
ESTAT:TIPSPD22(1.0),15/09/23 11:00:00,A,PC_GDP,CO,S14_S15,LIAB,F3_F4,FI,2014,62.5,
ESTAT:TIPSPD22(1.0),15/09/23 11:00:00,A,PC_GDP,CO,S14_S15,LIAB,F3_F4,FI,2015,63.3,
ESTAT:TIPSPD22(1.0),15/09/23 11:00:00,A,PC_GDP,CO,S14_S15,LIAB,F3_F4,FI,2016,64.1,
ESTAT:TIPSPD22(1.0),15/09/23 11:00:00,A,PC_GDP,CO,S14_S15,LIAB,F3_F4,FI,2017,64.4,
ESTAT:TIPSPD22(1.0),15/09/23 11:00:00,A,PC_GDP,CO,S14_S15,LIAB,F3_F4,FI,2018,65.2,
ESTAT:TIPSPD22(1.0),15/09/23 11:00:00,A,PC_GDP,CO,S14_S15,LIAB,F3_F4,FI,2019,65.8,
ESTAT:TIPSPD22(1.0),15/09/23 11:00:00,A,PC_GDP,CO,S14_S15,LIAB,F3_F4,FI,2020,69.0,
ESTAT:TIPSPD22(1.0),15/09/23 11:00:00,A,PC_GDP,CO,S14_S15,LIAB,F3_F4,FI,2021,67.7,
ESTAT:TIPSPD22(1.0),15/09/23 11:00:00,A,PC_GDP,CO,S14_S15,LIAB,F3_F4,FR,1995,33.4,
ESTAT:TIPSPD22(1.0),15/09/23 11:00:00,A,PC_GDP,CO,S14_S15,LIAB,F3_F4,FR,1996,33.5,
ESTAT:TIPSPD22(1.0),15/09/23 11:00:00,A,PC_GDP,CO,S14_S15,LIAB,F3_F4,FR,1997,33.7,
ESTAT:TIPSPD22(1.0),15/09/23 11:00:00,A,PC_GDP,CO,S14_S15,LIAB,F3_F4,FR,1998,33.1,
ESTAT:TIPSPD22(1.0),15/09/23 11:00:00,A,PC_GDP,CO,S14_S15,LIAB,F3_F4,FR,1999,34.0,
ESTAT:TIPSPD22(1.0),15/09/23 11:00:00,A,PC_GDP,CO,S14_S15,LIAB,F3_F4,FR,2000,34.2,
ESTAT:TIPSPD22(1.0),15/09/23 11:00:00,A,PC_GDP,CO,S14_S15,LIAB,F3_F4,FR,2001,34.6,
ESTAT:TIPSPD22(1.0),15/09/23 11:00:00,A,PC_GDP,CO,S14_S15,LIAB,F3_F4,FR,2002,35.6,
ESTAT:TIPSPD22(1.0),15/09/23 11:00:00,A,PC_GDP,CO,S14_S15,LIAB,F3_F4,FR,2003,37.1,
ESTAT:TIPSPD22(1.0),15/09/23 11:00:00,A,PC_GDP,CO,S14_S15,LIAB,F3_F4,FR,2004,38.9,
ESTAT:TIPSPD22(1.0),15/09/23 11:00:00,A,PC_GDP,CO,S14_S15,LIAB,F3_F4,FR,2005,41.7,
ESTAT:TIPSPD22(1.0),15/09/23 11:00:00,A,PC_GDP,CO,S14_S15,LIAB,F3_F4,FR,2006,44.3,
ESTAT:TIPSPD22(1.0),15/09/23 11:00:00,A,PC_GDP,CO,S14_S15,LIAB,F3_F4,FR,2007,46.6,
ESTAT:TIPSPD22(1.0),15/09/23 11:00:00,A,PC_GDP,CO,S14_S15,LIAB,F3_F4,FR,2008,48.6,
ESTAT:TIPSPD22(1.0),15/09/23 11:00:00,A,PC_GDP,CO,S14_S15,LIAB,F3_F4,FR,2009,52.6,
ESTAT:TIPSPD22(1.0),15/09/23 11:00:00,A,PC_GDP,CO,S14_S15,LIAB,F3_F4,FR,2010,53.7,
ESTAT:TIPSPD22(1.0),15/09/23 11:00:00,A,PC_GDP,CO,S14_S15,LIAB,F3_F4,FR,2011,54.8,
ESTAT:TIPSPD22(1.0),15/09/23 11:00:00,A,PC_GDP,CO,S14_S15,LIAB,F3_F4,FR,2012,55.1,
ESTAT:TIPSPD22(1.0),15/09/23 11:00:00,A,PC_GDP,CO,S14_S15,LIAB,F3_F4,FR,2013,55.6,
ESTAT:TIPSPD22(1.0),15/09/23 11:00:00,A,PC_GDP,CO,S14_S15,LIAB,F3_F4,FR,2014,55.6,
ESTAT:TIPSPD22(1.0),15/09/23 11:00:00,A,PC_GDP,CO,S14_S15,LIAB,F3_F4,FR,2015,56.1,
ESTAT:TIPSPD22(1.0),15/09/23 11:00:00,A,PC_GDP,CO,S14_S15,LIAB,F3_F4,FR,2016,57.1,
ESTAT:TIPSPD22(1.0),15/09/23 11:00:00,A,PC_GDP,CO,S14_S15,LIAB,F3_F4,FR,2017,58.4,
ESTAT:TIPSPD22(1.0),15/09/23 11:00:00,A,PC_GDP,CO,S14_S15,LIAB,F3_F4,FR,2018,60.4,
ESTAT:TIPSPD22(1.0),15/09/23 11:00:00,A,PC_GDP,CO,S14_S15,LIAB,F3_F4,FR,2019,62.2,
ESTAT:TIPSPD22(1.0),15/09/23 11:00:00,A,PC_GDP,CO,S14_S15,LIAB,F3_F4,FR,2020,68.4,
ESTAT:TIPSPD22(1.0),15/09/23 11:00:00,A,PC_GDP,CO,S14_S15,LIAB,F3_F4,FR,2021,66.6,p
ESTAT:TIPSPD22(1.0),15/09/23 11:00:00,A,PC_GDP,CO,S14_S15,LIAB,F3_F4,FR,2022,66.1,p
ESTAT:TIPSPD22(1.0),15/09/23 11:00:00,A,PC_GDP,CO,S14_S15,LIAB,F3_F4,IE,1995,31.6,e
ESTAT:TIPSPD22(1.0),15/09/23 11:00:00,A,PC_GDP,CO,S14_S15,LIAB,F3_F4,IE,1996,33.4,e
ESTAT:TIPSPD22(1.0),15/09/23 11:00:00,A,PC_GDP,CO,S14_S15,LIAB,F3_F4,IE,1997,35.0,e
ESTAT:TIPSPD22(1.0),15/09/23 11:00:00,A,PC_GDP,CO,S14_S15,LIAB,F3_F4,IE,1998,36.0,e
ESTAT:TIPSPD22(1.0),15/09/23 11:00:00,A,PC_GDP,CO,S14_S15,LIAB,F3_F4,IE,1999,39.3,e
ESTAT:TIPSPD22(1.0),15/09/23 11:00:00,A,PC_GDP,CO,S14_S15,LIAB,F3_F4,IE,2000,40.1,e
ESTAT:TIPSPD22(1.0),15/09/23 11:00:00,A,PC_GDP,CO,S14_S15,LIAB,F3_F4,IE,2001,48.0,
ESTAT:TIPSPD22(1.0),15/09/23 11:00:00,A,PC_GDP,CO,S14_S15,LIAB,F3_F4,IE,2002,52.9,
ESTAT:TIPSPD22(1.0),15/09/23 11:00:00,A,PC_GDP,CO,S14_S15,LIAB,F3_F4,IE,2003,60.6,
ESTAT:TIPSPD22(1.0),15/09/23 11:00:00,A,PC_GDP,CO,S14_S15,LIAB,F3_F4,IE,2004,70.1,
ESTAT:TIPSPD22(1.0),15/09/23 11:00:00,A,PC_GDP,CO,S14_S15,LIAB,F3_F4,IE,2005,82.5,
ESTAT:TIPSPD22(1.0),15/09/23 11:00:00,A,PC_GDP,CO,S14_S15,LIAB,F3_F4,IE,2006,91.5,
ESTAT:TIPSPD22(1.0),15/09/23 11:00:00,A,PC_GDP,CO,S14_S15,LIAB,F3_F4,IE,2007,98.6,
ESTAT:TIPSPD22(1.0),15/09/23 11:00:00,A,PC_GDP,CO,S14_S15,LIAB,F3_F4,IE,2008,108.2,
ESTAT:TIPSPD22(1.0),15/09/23 11:00:00,A,PC_GDP,CO,S14_S15,LIAB,F3_F4,IE,2009,116.6,
ESTAT:TIPSPD22(1.0),15/09/23 11:00:00,A,PC_GDP,CO,S14_S15,LIAB,F3_F4,IE,2010,110.4,
ESTAT:TIPSPD22(1.0),15/09/23 11:00:00,A,PC_GDP,CO,S14_S15,LIAB,F3_F4,IE,2011,104.2,
ESTAT:TIPSPD22(1.0),15/09/23 11:00:00,A,PC_GDP,CO,S14_S15,LIAB,F3_F4,IE,2012,98.2,
ESTAT:TIPSPD22(1.0),15/09/23 11:00:00,A,PC_GDP,CO,S14_S15,LIAB,F3_F4,IE,2013,93.5,
ESTAT:TIPSPD22(1.0),15/09/23 11:00:00,A,PC_GDP,CO,S14_S15,LIAB,F3_F4,IE,2014,80.9,
ESTAT:TIPSPD22(1.0),15/09/23 11:00:00,A,PC_GDP,CO,S14_S15,LIAB,F3_F4,IE,2015,56.5,
ESTAT:TIPSPD22(1.0),15/09/23 11:00:00,A,PC_GDP,CO,S14_S15,LIAB,F3_F4,IE,2016,52.3,
ESTAT:TIPSPD22(1.0),15/09/23 11:00:00,A,PC_GDP,CO,S14_S15,LIAB,F3_F4,IE,2017,46.7,
ESTAT:TIPSPD22(1.0),15/09/23 11:00:00,A,PC_GDP,CO,S14_S15,LIAB,F3_F4,IE,2018,42.9,p
ESTAT:TIPSPD22(1.0),15/09/23 11:00:00,A,PC_GDP,CO,S14_S15,LIAB,F3_F4,IE,2019,38.6,p
ESTAT:TIPSPD22(1.0),15/09/23 11:00:00,A,PC_GDP,CO,S14_S15,LIAB,F3_F4,IE,2020,34.4,p
ESTAT:TIPSPD22(1.0),15/09/23 11:00:00,A,PC_GDP,CO,S14_S15,LIAB,F3_F4,IE,2021,29.7,p
ESTAT:TIPSPD22(1.0),15/09/23 11:00:00,A,PC_GDP,CO,S14_S15,LIAB,F3_F4,IT,1995,17.4,
ESTAT:TIPSPD22(1.0),15/09/23 11:00:00,A,PC_GDP,CO,S14_S15,LIAB,F3_F4,IT,1996,17.5,
ESTAT:TIPSPD22(1.0),15/09/23 11:00:00,A,PC_GDP,CO,S14_S15,LIAB,F3_F4,IT,1997,17.9,
ESTAT:TIPSPD22(1.0),15/09/23 11:00:00,A,PC_GDP,CO,S14_S15,LIAB,F3_F4,IT,1998,18.7,
ESTAT:TIPSPD22(1.0),15/09/23 11:00:00,A,PC_GDP,CO,S14_S15,LIAB,F3_F4,IT,1999,21.1,
ESTAT:TIPSPD22(1.0),15/09/23 11:00:00,A,PC_GDP,CO,S14_S15,LIAB,F3_F4,IT,2000,22.7,
ESTAT:TIPSPD22(1.0),15/09/23 11:00:00,A,PC_GDP,CO,S14_S15,LIAB,F3_F4,IT,2001,23.9,
ESTAT:TIPSPD22(1.0),15/09/23 11:00:00,A,PC_GDP,CO,S14_S15,LIAB,F3_F4,IT,2002,25.7,
ESTAT:TIPSPD22(1.0),15/09/23 11:00:00,A,PC_GDP,CO,S14_S15,LIAB,F3_F4,IT,2003,27.4,
ESTAT:TIPSPD22(1.0),15/09/23 11:00:00,A,PC_GDP,CO,S14_S15,LIAB,F3_F4,IT,2004,29.8,
ESTAT:TIPSPD22(1.0),15/09/23 11:00:00,A,PC_GDP,CO,S14_S15,LIAB,F3_F4,IT,2005,32.9,
ESTAT:TIPSPD22(1.0),15/09/23 11:00:00,A,PC_GDP,CO,S14_S15,LIAB,F3_F4,IT,2006,35.7,
ESTAT:TIPSPD22(1.0),15/09/23 11:00:00,A,PC_GDP,CO,S14_S15,LIAB,F3_F4,IT,2007,38.1,
ESTAT:TIPSPD22(1.0),15/09/23 11:00:00,A,PC_GDP,CO,S14_S15,LIAB,F3_F4,IT,2008,39.0,
ESTAT:TIPSPD22(1.0),15/09/23 11:00:00,A,PC_GDP,CO,S14_S15,LIAB,F3_F4,IT,2009,42.4,
ESTAT:TIPSPD22(1.0),15/09/23 11:00:00,A,PC_GDP,CO,S14_S15,LIAB,F3_F4,IT,2010,43.5,
ESTAT:TIPSPD22(1.0),15/09/23 11:00:00,A,PC_GDP,CO,S14_S15,LIAB,F3_F4,IT,2011,43.5,
ESTAT:TIPSPD22(1.0),15/09/23 11:00:00,A,PC_GDP,CO,S14_S15,LIAB,F3_F4,IT,2012,43.7,
ESTAT:TIPSPD22(1.0),15/09/23 11:00:00,A,PC_GDP,CO,S14_S15,LIAB,F3_F4,IT,2013,43.3,
ESTAT:TIPSPD22(1.0),15/09/23 11:00:00,A,PC_GDP,CO,S14_S15,LIAB,F3_F4,IT,2014,42.6,
ESTAT:TIPSPD22(1.0),15/09/23 11:00:00,A,PC_GDP,CO,S14_S15,LIAB,F3_F4,IT,2015,41.8,
ESTAT:TIPSPD22(1.0),15/09/23 11:00:00,A,PC_GDP,CO,S14_S15,LIAB,F3_F4,IT,2016,41.2,
ESTAT:TIPSPD22(1.0),15/09/23 11:00:00,A,PC_GDP,CO,S14_S15,LIAB,F3_F4,IT,2017,40.8,
ESTAT:TIPSPD22(1.0),15/09/23 11:00:00,A,PC_GDP,CO,S14_S15,LIAB,F3_F4,IT,2018,40.8,
ESTAT:TIPSPD22(1.0),15/09/23 11:00:00,A,PC_GDP,CO,S14_S15,LIAB,F3_F4,IT,2019,41.1,
ESTAT:TIPSPD22(1.0),15/09/23 11:00:00,A,PC_GDP,CO,S14_S15,LIAB,F3_F4,IT,2020,44.9,
ESTAT:TIPSPD22(1.0),15/09/23 11:00:00,A,PC_GDP,CO,S14_S15,LIAB,F3_F4,IT,2021,43.4,
ESTAT:TIPSPD22(1.0),15/09/23 11:00:00,A,PC_GDP,CO,S14_S15,LIAB,F3_F4,LT,1995,1.6,
ESTAT:TIPSPD22(1.0),15/09/23 11:00:00,A,PC_GDP,CO,S14_S15,LIAB,F3_F4,LT,1996,1.3,
ESTAT:TIPSPD22(1.0),15/09/23 11:00:00,A,PC_GDP,CO,S14_S15,LIAB,F3_F4,LT,1997,1.4,
ESTAT:TIPSPD22(1.0),15/09/23 11:00:00,A,PC_GDP,CO,S14_S15,LIAB,F3_F4,LT,1998,1.5,
ESTAT:TIPSPD22(1.0),15/09/23 11:00:00,A,PC_GDP,CO,S14_S15,LIAB,F3_F4,LT,1999,1.8,
ESTAT:TIPSPD22(1.0),15/09/23 11:00:00,A,PC_GDP,CO,S14_S15,LIAB,F3_F4,LT,2000,1.6,
ESTAT:TIPSPD22(1.0),15/09/23 11:00:00,A,PC_GDP,CO,S14_S15,LIAB,F3_F4,LT,2001,1.9,
ESTAT:TIPSPD22(1.0),15/09/23 11:00:00,A,PC_GDP,CO,S14_S15,LIAB,F3_F4,LT,2002,3.1,
ESTAT:TIPSPD22(1.0),15/09/23 11:00:00,A,PC_GDP,CO,S14_S15,LIAB,F3_F4,LT,2003,4.8,
ESTAT:TIPSPD22(1.0),15/09/23 11:00:00,A,PC_GDP,CO,S14_S15,LIAB,F3_F4,LT,2004,9.0,
ESTAT:TIPSPD22(1.0),15/09/23 11:00:00,A,PC_GDP,CO,S14_S15,LIAB,F3_F4,LT,2005,13.8,
ESTAT:TIPSPD22(1.0),15/09/23 11:00:00,A,PC_GDP,CO,S14_S15,LIAB,F3_F4,LT,2006,20.5,
ESTAT:TIPSPD22(1.0),15/09/23 11:00:00,A,PC_GDP,CO,S14_S15,LIAB,F3_F4,LT,2007,26.5,
ESTAT:TIPSPD22(1.0),15/09/23 11:00:00,A,PC_GDP,CO,S14_S15,LIAB,F3_F4,LT,2008,28.4,
ESTAT:TIPSPD22(1.0),15/09/23 11:00:00,A,PC_GDP,CO,S14_S15,LIAB,F3_F4,LT,2009,32.6,
ESTAT:TIPSPD22(1.0),15/09/23 11:00:00,A,PC_GDP,CO,S14_S15,LIAB,F3_F4,LT,2010,29.6,
ESTAT:TIPSPD22(1.0),15/09/23 11:00:00,A,PC_GDP,CO,S14_S15,LIAB,F3_F4,LT,2011,25.8,
ESTAT:TIPSPD22(1.0),15/09/23 11:00:00,A,PC_GDP,CO,S14_S15,LIAB,F3_F4,LT,2012,23.6,
ESTAT:TIPSPD22(1.0),15/09/23 11:00:00,A,PC_GDP,CO,S14_S15,LIAB,F3_F4,LT,2013,22.3,
ESTAT:TIPSPD22(1.0),15/09/23 11:00:00,A,PC_GDP,CO,S14_S15,LIAB,F3_F4,LT,2014,21.5,
ESTAT:TIPSPD22(1.0),15/09/23 11:00:00,A,PC_GDP,CO,S14_S15,LIAB,F3_F4,LT,2015,22.3,
ESTAT:TIPSPD22(1.0),15/09/23 11:00:00,A,PC_GDP,CO,S14_S15,LIAB,F3_F4,LT,2016,22.8,
ESTAT:TIPSPD22(1.0),15/09/23 11:00:00,A,PC_GDP,CO,S14_S15,LIAB,F3_F4,LT,2017,22.4,
ESTAT:TIPSPD22(1.0),15/09/23 11:00:00,A,PC_GDP,CO,S14_S15,LIAB,F3_F4,LT,2018,22.6,
ESTAT:TIPSPD22(1.0),15/09/23 11:00:00,A,PC_GDP,CO,S14_S15,LIAB,F3_F4,LT,2019,23.0,
ESTAT:TIPSPD22(1.0),15/09/23 11:00:00,A,PC_GDP,CO,S14_S15,LIAB,F3_F4,LT,2020,24.2,
ESTAT:TIPSPD22(1.0),15/09/23 11:00:00,A,PC_GDP,CO,S14_S15,LIAB,F3_F4,LT,2021,23.6,
ESTAT:TIPSPD22(1.0),15/09/23 11:00:00,A,PC_GDP,CO,S14_S15,LIAB,F3_F4,LU,1995,37.9,
ESTAT:TIPSPD22(1.0),15/09/23 11:00:00,A,PC_GDP,CO,S14_S15,LIAB,F3_F4,LU,1996,37.0,
ESTAT:TIPSPD22(1.0),15/09/23 11:00:00,A,PC_GDP,CO,S14_S15,LIAB,F3_F4,LU,1997,37.4,
ESTAT:TIPSPD22(1.0),15/09/23 11:00:00,A,PC_GDP,CO,S14_S15,LIAB,F3_F4,LU,1998,36.4,
ESTAT:TIPSPD22(1.0),15/09/23 11:00:00,A,PC_GDP,CO,S14_S15,LIAB,F3_F4,LU,1999,37.7,
ESTAT:TIPSPD22(1.0),15/09/23 11:00:00,A,PC_GDP,CO,S14_S15,LIAB,F3_F4,LU,2000,38.3,
ESTAT:TIPSPD22(1.0),15/09/23 11:00:00,A,PC_GDP,CO,S14_S15,LIAB,F3_F4,LU,2001,38.7,
ESTAT:TIPSPD22(1.0),15/09/23 11:00:00,A,PC_GDP,CO,S14_S15,LIAB,F3_F4,LU,2002,39.3,
ESTAT:TIPSPD22(1.0),15/09/23 11:00:00,A,PC_GDP,CO,S14_S15,LIAB,F3_F4,LU,2003,42.7,
ESTAT:TIPSPD22(1.0),15/09/23 11:00:00,A,PC_GDP,CO,S14_S15,LIAB,F3_F4,LU,2004,43.6,
ESTAT:TIPSPD22(1.0),15/09/23 11:00:00,A,PC_GDP,CO,S14_S15,LIAB,F3_F4,LU,2005,45.4,
ESTAT:TIPSPD22(1.0),15/09/23 11:00:00,A,PC_GDP,CO,S14_S15,LIAB,F3_F4,LU,2006,45.3,
ESTAT:TIPSPD22(1.0),15/09/23 11:00:00,A,PC_GDP,CO,S14_S15,LIAB,F3_F4,LU,2007,50.5,
ESTAT:TIPSPD22(1.0),15/09/23 11:00:00,A,PC_GDP,CO,S14_S15,LIAB,F3_F4,LU,2008,51.3,
ESTAT:TIPSPD22(1.0),15/09/23 11:00:00,A,PC_GDP,CO,S14_S15,LIAB,F3_F4,LU,2009,55.1,
ESTAT:TIPSPD22(1.0),15/09/23 11:00:00,A,PC_GDP,CO,S14_S15,LIAB,F3_F4,LU,2010,54.9,
ESTAT:TIPSPD22(1.0),15/09/23 11:00:00,A,PC_GDP,CO,S14_S15,LIAB,F3_F4,LU,2011,56.2,
ESTAT:TIPSPD22(1.0),15/09/23 11:00:00,A,PC_GDP,CO,S14_S15,LIAB,F3_F4,LU,2012,57.9,
ESTAT:TIPSPD22(1.0),15/09/23 11:00:00,A,PC_GDP,CO,S14_S15,LIAB,F3_F4,LU,2013,57.0,
ESTAT:TIPSPD22(1.0),15/09/23 11:00:00,A,PC_GDP,CO,S14_S15,LIAB,F3_F4,LU,2014,58.5,
ESTAT:TIPSPD22(1.0),15/09/23 11:00:00,A,PC_GDP,CO,S14_S15,LIAB,F3_F4,LU,2015,59.0,
ESTAT:TIPSPD22(1.0),15/09/23 11:00:00,A,PC_GDP,CO,S14_S15,LIAB,F3_F4,LU,2016,60.5,
ESTAT:TIPSPD22(1.0),15/09/23 11:00:00,A,PC_GDP,CO,S14_S15,LIAB,F3_F4,LU,2017,62.5,
ESTAT:TIPSPD22(1.0),15/09/23 11:00:00,A,PC_GDP,CO,S14_S15,LIAB,F3_F4,LU,2018,65.7,
ESTAT:TIPSPD22(1.0),15/09/23 11:00:00,A,PC_GDP,CO,S14_S15,LIAB,F3_F4,LU,2019,67.2,
ESTAT:TIPSPD22(1.0),15/09/23 11:00:00,A,PC_GDP,CO,S14_S15,LIAB,F3_F4,LU,2020,68.5,
ESTAT:TIPSPD22(1.0),15/09/23 11:00:00,A,PC_GDP,CO,S14_S15,LIAB,F3_F4,LU,2021,66.0,p
ESTAT:TIPSPD22(1.0),15/09/23 11:00:00,A,PC_GDP,CO,S14_S15,LIAB,F3_F4,LV,1995,1.4,
ESTAT:TIPSPD22(1.0),15/09/23 11:00:00,A,PC_GDP,CO,S14_S15,LIAB,F3_F4,LV,1996,1.3,
ESTAT:TIPSPD22(1.0),15/09/23 11:00:00,A,PC_GDP,CO,S14_S15,LIAB,F3_F4,LV,1997,1.6,
ESTAT:TIPSPD22(1.0),15/09/23 11:00:00,A,PC_GDP,CO,S14_S15,LIAB,F3_F4,LV,1998,2.5,
ESTAT:TIPSPD22(1.0),15/09/23 11:00:00,A,PC_GDP,CO,S14_S15,LIAB,F3_F4,LV,1999,3.2,
ESTAT:TIPSPD22(1.0),15/09/23 11:00:00,A,PC_GDP,CO,S14_S15,LIAB,F3_F4,LV,2000,5.4,
ESTAT:TIPSPD22(1.0),15/09/23 11:00:00,A,PC_GDP,CO,S14_S15,LIAB,F3_F4,LV,2001,6.0,
ESTAT:TIPSPD22(1.0),15/09/23 11:00:00,A,PC_GDP,CO,S14_S15,LIAB,F3_F4,LV,2002,8.7,
ESTAT:TIPSPD22(1.0),15/09/23 11:00:00,A,PC_GDP,CO,S14_S15,LIAB,F3_F4,LV,2003,20.2,
ESTAT:TIPSPD22(1.0),15/09/23 11:00:00,A,PC_GDP,CO,S14_S15,LIAB,F3_F4,LV,2004,17.5,
ESTAT:TIPSPD22(1.0),15/09/23 11:00:00,A,PC_GDP,CO,S14_S15,LIAB,F3_F4,LV,2005,27.4,
ESTAT:TIPSPD22(1.0),15/09/23 11:00:00,A,PC_GDP,CO,S14_S15,LIAB,F3_F4,LV,2006,39.0,
ESTAT:TIPSPD22(1.0),15/09/23 11:00:00,A,PC_GDP,CO,S14_S15,LIAB,F3_F4,LV,2007,42.0,
ESTAT:TIPSPD22(1.0),15/09/23 11:00:00,A,PC_GDP,CO,S14_S15,LIAB,F3_F4,LV,2008,41.5,
ESTAT:TIPSPD22(1.0),15/09/23 11:00:00,A,PC_GDP,CO,S14_S15,LIAB,F3_F4,LV,2009,49.5,
ESTAT:TIPSPD22(1.0),15/09/23 11:00:00,A,PC_GDP,CO,S14_S15,LIAB,F3_F4,LV,2010,47.7,
ESTAT:TIPSPD22(1.0),15/09/23 11:00:00,A,PC_GDP,CO,S14_S15,LIAB,F3_F4,LV,2011,40.0,
ESTAT:TIPSPD22(1.0),15/09/23 11:00:00,A,PC_GDP,CO,S14_S15,LIAB,F3_F4,LV,2012,32.7,
ESTAT:TIPSPD22(1.0),15/09/23 11:00:00,A,PC_GDP,CO,S14_S15,LIAB,F3_F4,LV,2013,29.2,
ESTAT:TIPSPD22(1.0),15/09/23 11:00:00,A,PC_GDP,CO,S14_S15,LIAB,F3_F4,LV,2014,26.4,
ESTAT:TIPSPD22(1.0),15/09/23 11:00:00,A,PC_GDP,CO,S14_S15,LIAB,F3_F4,LV,2015,24.3,
ESTAT:TIPSPD22(1.0),15/09/23 11:00:00,A,PC_GDP,CO,S14_S15,LIAB,F3_F4,LV,2016,23.4,
ESTAT:TIPSPD22(1.0),15/09/23 11:00:00,A,PC_GDP,CO,S14_S15,LIAB,F3_F4,LV,2017,22.3,
ESTAT:TIPSPD22(1.0),15/09/23 11:00:00,A,PC_GDP,CO,S14_S15,LIAB,F3_F4,LV,2018,21.0,
ESTAT:TIPSPD22(1.0),15/09/23 11:00:00,A,PC_GDP,CO,S14_S15,LIAB,F3_F4,LV,2019,20.2,
ESTAT:TIPSPD22(1.0),15/09/23 11:00:00,A,PC_GDP,CO,S14_S15,LIAB,F3_F4,LV,2020,20.3,
ESTAT:TIPSPD22(1.0),15/09/23 11:00:00,A,PC_GDP,CO,S14_S15,LIAB,F3_F4,LV,2021,19.3,
ESTAT:TIPSPD22(1.0),15/09/23 11:00:00,A,PC_GDP,CO,S14_S15,LIAB,F3_F4,MT,1995,15.6,
ESTAT:TIPSPD22(1.0),15/09/23 11:00:00,A,PC_GDP,CO,S14_S15,LIAB,F3_F4,MT,1996,17.9,
ESTAT:TIPSPD22(1.0),15/09/23 11:00:00,A,PC_GDP,CO,S14_S15,LIAB,F3_F4,MT,1997,18.5,
ESTAT:TIPSPD22(1.0),15/09/23 11:00:00,A,PC_GDP,CO,S14_S15,LIAB,F3_F4,MT,1998,19.9,
ESTAT:TIPSPD22(1.0),15/09/23 11:00:00,A,PC_GDP,CO,S14_S15,LIAB,F3_F4,MT,1999,22.0,
ESTAT:TIPSPD22(1.0),15/09/23 11:00:00,A,PC_GDP,CO,S14_S15,LIAB,F3_F4,MT,2000,23.4,
ESTAT:TIPSPD22(1.0),15/09/23 11:00:00,A,PC_GDP,CO,S14_S15,LIAB,F3_F4,MT,2001,26.7,
ESTAT:TIPSPD22(1.0),15/09/23 11:00:00,A,PC_GDP,CO,S14_S15,LIAB,F3_F4,MT,2002,28.7,
ESTAT:TIPSPD22(1.0),15/09/23 11:00:00,A,PC_GDP,CO,S14_S15,LIAB,F3_F4,MT,2003,36.7,
ESTAT:TIPSPD22(1.0),15/09/23 11:00:00,A,PC_GDP,CO,S14_S15,LIAB,F3_F4,MT,2004,41.4,
ESTAT:TIPSPD22(1.0),15/09/23 11:00:00,A,PC_GDP,CO,S14_S15,LIAB,F3_F4,MT,2005,44.5,
ESTAT:TIPSPD22(1.0),15/09/23 11:00:00,A,PC_GDP,CO,S14_S15,LIAB,F3_F4,MT,2006,49.5,
ESTAT:TIPSPD22(1.0),15/09/23 11:00:00,A,PC_GDP,CO,S14_S15,LIAB,F3_F4,MT,2007,51.7,
ESTAT:TIPSPD22(1.0),15/09/23 11:00:00,A,PC_GDP,CO,S14_S15,LIAB,F3_F4,MT,2008,53.7,
ESTAT:TIPSPD22(1.0),15/09/23 11:00:00,A,PC_GDP,CO,S14_S15,LIAB,F3_F4,MT,2009,59.0,
ESTAT:TIPSPD22(1.0),15/09/23 11:00:00,A,PC_GDP,CO,S14_S15,LIAB,F3_F4,MT,2010,57.4,
ESTAT:TIPSPD22(1.0),15/09/23 11:00:00,A,PC_GDP,CO,S14_S15,LIAB,F3_F4,MT,2011,59.3,
ESTAT:TIPSPD22(1.0),15/09/23 11:00:00,A,PC_GDP,CO,S14_S15,LIAB,F3_F4,MT,2012,59.0,
ESTAT:TIPSPD22(1.0),15/09/23 11:00:00,A,PC_GDP,CO,S14_S15,LIAB,F3_F4,MT,2013,57.1,
ESTAT:TIPSPD22(1.0),15/09/23 11:00:00,A,PC_GDP,CO,S14_S15,LIAB,F3_F4,MT,2014,54.8,
ESTAT:TIPSPD22(1.0),15/09/23 11:00:00,A,PC_GDP,CO,S14_S15,LIAB,F3_F4,MT,2015,50.7,
ESTAT:TIPSPD22(1.0),15/09/23 11:00:00,A,PC_GDP,CO,S14_S15,LIAB,F3_F4,MT,2016,50.3,
ESTAT:TIPSPD22(1.0),15/09/23 11:00:00,A,PC_GDP,CO,S14_S15,LIAB,F3_F4,MT,2017,47.3,
ESTAT:TIPSPD22(1.0),15/09/23 11:00:00,A,PC_GDP,CO,S14_S15,LIAB,F3_F4,MT,2018,47.0,
ESTAT:TIPSPD22(1.0),15/09/23 11:00:00,A,PC_GDP,CO,S14_S15,LIAB,F3_F4,MT,2019,48.0,
ESTAT:TIPSPD22(1.0),15/09/23 11:00:00,A,PC_GDP,CO,S14_S15,LIAB,F3_F4,MT,2020,54.7,
ESTAT:TIPSPD22(1.0),15/09/23 11:00:00,A,PC_GDP,CO,S14_S15,LIAB,F3_F4,MT,2021,52.3,
ESTAT:TIPSPD22(1.0),15/09/23 11:00:00,A,PC_GDP,CO,S14_S15,LIAB,F3_F4,NL,1995,65.5,
ESTAT:TIPSPD22(1.0),15/09/23 11:00:00,A,PC_GDP,CO,S14_S15,LIAB,F3_F4,NL,1996,69.8,
ESTAT:TIPSPD22(1.0),15/09/23 11:00:00,A,PC_GDP,CO,S14_S15,LIAB,F3_F4,NL,1997,74.1,
ESTAT:TIPSPD22(1.0),15/09/23 11:00:00,A,PC_GDP,CO,S14_S15,LIAB,F3_F4,NL,1998,79.9,
ESTAT:TIPSPD22(1.0),15/09/23 11:00:00,A,PC_GDP,CO,S14_S15,LIAB,F3_F4,NL,1999,85.5,
ESTAT:TIPSPD22(1.0),15/09/23 11:00:00,A,PC_GDP,CO,S14_S15,LIAB,F3_F4,NL,2000,88.2,
ESTAT:TIPSPD22(1.0),15/09/23 11:00:00,A,PC_GDP,CO,S14_S15,LIAB,F3_F4,NL,2001,89.6,
ESTAT:TIPSPD22(1.0),15/09/23 11:00:00,A,PC_GDP,CO,S14_S15,LIAB,F3_F4,NL,2002,94.4,
ESTAT:TIPSPD22(1.0),15/09/23 11:00:00,A,PC_GDP,CO,S14_S15,LIAB,F3_F4,NL,2003,101.3,
ESTAT:TIPSPD22(1.0),15/09/23 11:00:00,A,PC_GDP,CO,S14_S15,LIAB,F3_F4,NL,2004,104.9,
ESTAT:TIPSPD22(1.0),15/09/23 11:00:00,A,PC_GDP,CO,S14_S15,LIAB,F3_F4,NL,2005,107.9,
ESTAT:TIPSPD22(1.0),15/09/23 11:00:00,A,PC_GDP,CO,S14_S15,LIAB,F3_F4,NL,2006,109.4,
ESTAT:TIPSPD22(1.0),15/09/23 11:00:00,A,PC_GDP,CO,S14_S15,LIAB,F3_F4,NL,2007,109.6,
ESTAT:TIPSPD22(1.0),15/09/23 11:00:00,A,PC_GDP,CO,S14_S15,LIAB,F3_F4,NL,2008,110.4,
ESTAT:TIPSPD22(1.0),15/09/23 11:00:00,A,PC_GDP,CO,S14_S15,LIAB,F3_F4,NL,2009,118.2,
ESTAT:TIPSPD22(1.0),15/09/23 11:00:00,A,PC_GDP,CO,S14_S15,LIAB,F3_F4,NL,2010,118.6,
ESTAT:TIPSPD22(1.0),15/09/23 11:00:00,A,PC_GDP,CO,S14_S15,LIAB,F3_F4,NL,2011,118.0,
ESTAT:TIPSPD22(1.0),15/09/23 11:00:00,A,PC_GDP,CO,S14_S15,LIAB,F3_F4,NL,2012,117.9,
ESTAT:TIPSPD22(1.0),15/09/23 11:00:00,A,PC_GDP,CO,S14_S15,LIAB,F3_F4,NL,2013,115.1,
ESTAT:TIPSPD22(1.0),15/09/23 11:00:00,A,PC_GDP,CO,S14_S15,LIAB,F3_F4,NL,2014,113.2,
ESTAT:TIPSPD22(1.0),15/09/23 11:00:00,A,PC_GDP,CO,S14_S15,LIAB,F3_F4,NL,2015,111.3,
ESTAT:TIPSPD22(1.0),15/09/23 11:00:00,A,PC_GDP,CO,S14_S15,LIAB,F3_F4,NL,2016,109.6,
ESTAT:TIPSPD22(1.0),15/09/23 11:00:00,A,PC_GDP,CO,S14_S15,LIAB,F3_F4,NL,2017,106.8,
ESTAT:TIPSPD22(1.0),15/09/23 11:00:00,A,PC_GDP,CO,S14_S15,LIAB,F3_F4,NL,2018,103.4,
ESTAT:TIPSPD22(1.0),15/09/23 11:00:00,A,PC_GDP,CO,S14_S15,LIAB,F3_F4,NL,2019,99.7,
ESTAT:TIPSPD22(1.0),15/09/23 11:00:00,A,PC_GDP,CO,S14_S15,LIAB,F3_F4,NL,2020,103.8,
ESTAT:TIPSPD22(1.0),15/09/23 11:00:00,A,PC_GDP,CO,S14_S15,LIAB,F3_F4,NL,2021,100.6,p
ESTAT:TIPSPD22(1.0),15/09/23 11:00:00,A,PC_GDP,CO,S14_S15,LIAB,F3_F4,NL,2022,94.1,p
ESTAT:TIPSPD22(1.0),15/09/23 11:00:00,A,PC_GDP,CO,S14_S15,LIAB,F3_F4,PT,1995,28.4,
ESTAT:TIPSPD22(1.0),15/09/23 11:00:00,A,PC_GDP,CO,S14_S15,LIAB,F3_F4,PT,1996,32.8,
ESTAT:TIPSPD22(1.0),15/09/23 11:00:00,A,PC_GDP,CO,S14_S15,LIAB,F3_F4,PT,1997,37.3,
ESTAT:TIPSPD22(1.0),15/09/23 11:00:00,A,PC_GDP,CO,S14_S15,LIAB,F3_F4,PT,1998,44.0,
ESTAT:TIPSPD22(1.0),15/09/23 11:00:00,A,PC_GDP,CO,S14_S15,LIAB,F3_F4,PT,1999,52.7,
ESTAT:TIPSPD22(1.0),15/09/23 11:00:00,A,PC_GDP,CO,S14_S15,LIAB,F3_F4,PT,2000,58.8,
ESTAT:TIPSPD22(1.0),15/09/23 11:00:00,A,PC_GDP,CO,S14_S15,LIAB,F3_F4,PT,2001,63.4,
ESTAT:TIPSPD22(1.0),15/09/23 11:00:00,A,PC_GDP,CO,S14_S15,LIAB,F3_F4,PT,2002,67.4,
ESTAT:TIPSPD22(1.0),15/09/23 11:00:00,A,PC_GDP,CO,S14_S15,LIAB,F3_F4,PT,2003,71.4,
ESTAT:TIPSPD22(1.0),15/09/23 11:00:00,A,PC_GDP,CO,S14_S15,LIAB,F3_F4,PT,2004,75.7,
ESTAT:TIPSPD22(1.0),15/09/23 11:00:00,A,PC_GDP,CO,S14_S15,LIAB,F3_F4,PT,2005,79.8,
ESTAT:TIPSPD22(1.0),15/09/23 11:00:00,A,PC_GDP,CO,S14_S15,LIAB,F3_F4,PT,2006,83.8,
ESTAT:TIPSPD22(1.0),15/09/23 11:00:00,A,PC_GDP,CO,S14_S15,LIAB,F3_F4,PT,2007,86.8,
ESTAT:TIPSPD22(1.0),15/09/23 11:00:00,A,PC_GDP,CO,S14_S15,LIAB,F3_F4,PT,2008,88.9,
ESTAT:TIPSPD22(1.0),15/09/23 11:00:00,A,PC_GDP,CO,S14_S15,LIAB,F3_F4,PT,2009,92.2,
ESTAT:TIPSPD22(1.0),15/09/23 11:00:00,A,PC_GDP,CO,S14_S15,LIAB,F3_F4,PT,2010,90.9,
ESTAT:TIPSPD22(1.0),15/09/23 11:00:00,A,PC_GDP,CO,S14_S15,LIAB,F3_F4,PT,2011,90.5,
ESTAT:TIPSPD22(1.0),15/09/23 11:00:00,A,PC_GDP,CO,S14_S15,LIAB,F3_F4,PT,2012,90.5,
ESTAT:TIPSPD22(1.0),15/09/23 11:00:00,A,PC_GDP,CO,S14_S15,LIAB,F3_F4,PT,2013,86.1,
ESTAT:TIPSPD22(1.0),15/09/23 11:00:00,A,PC_GDP,CO,S14_S15,LIAB,F3_F4,PT,2014,81.9,
ESTAT:TIPSPD22(1.0),15/09/23 11:00:00,A,PC_GDP,CO,S14_S15,LIAB,F3_F4,PT,2015,77.0,
ESTAT:TIPSPD22(1.0),15/09/23 11:00:00,A,PC_GDP,CO,S14_S15,LIAB,F3_F4,PT,2016,72.6,
ESTAT:TIPSPD22(1.0),15/09/23 11:00:00,A,PC_GDP,CO,S14_S15,LIAB,F3_F4,PT,2017,69.2,
ESTAT:TIPSPD22(1.0),15/09/23 11:00:00,A,PC_GDP,CO,S14_S15,LIAB,F3_F4,PT,2018,66.0,
ESTAT:TIPSPD22(1.0),15/09/23 11:00:00,A,PC_GDP,CO,S14_S15,LIAB,F3_F4,PT,2019,63.5,
ESTAT:TIPSPD22(1.0),15/09/23 11:00:00,A,PC_GDP,CO,S14_S15,LIAB,F3_F4,PT,2020,69.1,
ESTAT:TIPSPD22(1.0),15/09/23 11:00:00,A,PC_GDP,CO,S14_S15,LIAB,F3_F4,PT,2021,66.4,p
ESTAT:TIPSPD22(1.0),15/09/23 11:00:00,A,PC_GDP,CO,S14_S15,LIAB,F3_F4,PT,2022,61.5,p
ESTAT:TIPSPD22(1.0),15/09/23 11:00:00,A,PC_GDP,CO,S14_S15,LIAB,F3_F4,SI,1995,9.8,
ESTAT:TIPSPD22(1.0),15/09/23 11:00:00,A,PC_GDP,CO,S14_S15,LIAB,F3_F4,SI,1996,10.6,
ESTAT:TIPSPD22(1.0),15/09/23 11:00:00,A,PC_GDP,CO,S14_S15,LIAB,F3_F4,SI,1997,10.9,
ESTAT:TIPSPD22(1.0),15/09/23 11:00:00,A,PC_GDP,CO,S14_S15,LIAB,F3_F4,SI,1998,12.2,
ESTAT:TIPSPD22(1.0),15/09/23 11:00:00,A,PC_GDP,CO,S14_S15,LIAB,F3_F4,SI,1999,15.0,
ESTAT:TIPSPD22(1.0),15/09/23 11:00:00,A,PC_GDP,CO,S14_S15,LIAB,F3_F4,SI,2000,15.5,
ESTAT:TIPSPD22(1.0),15/09/23 11:00:00,A,PC_GDP,CO,S14_S15,LIAB,F3_F4,SI,2001,15.3,
ESTAT:TIPSPD22(1.0),15/09/23 11:00:00,A,PC_GDP,CO,S14_S15,LIAB,F3_F4,SI,2002,15.4,
ESTAT:TIPSPD22(1.0),15/09/23 11:00:00,A,PC_GDP,CO,S14_S15,LIAB,F3_F4,SI,2003,15.7,
ESTAT:TIPSPD22(1.0),15/09/23 11:00:00,A,PC_GDP,CO,S14_S15,LIAB,F3_F4,SI,2004,16.3,
ESTAT:TIPSPD22(1.0),15/09/23 11:00:00,A,PC_GDP,CO,S14_S15,LIAB,F3_F4,SI,2005,18.8,
ESTAT:TIPSPD22(1.0),15/09/23 11:00:00,A,PC_GDP,CO,S14_S15,LIAB,F3_F4,SI,2006,21.5,
ESTAT:TIPSPD22(1.0),15/09/23 11:00:00,A,PC_GDP,CO,S14_S15,LIAB,F3_F4,SI,2007,24.6,
ESTAT:TIPSPD22(1.0),15/09/23 11:00:00,A,PC_GDP,CO,S14_S15,LIAB,F3_F4,SI,2008,25.6,
ESTAT:TIPSPD22(1.0),15/09/23 11:00:00,A,PC_GDP,CO,S14_S15,LIAB,F3_F4,SI,2009,28.4,
ESTAT:TIPSPD22(1.0),15/09/23 11:00:00,A,PC_GDP,CO,S14_S15,LIAB,F3_F4,SI,2010,30.3,
ESTAT:TIPSPD22(1.0),15/09/23 11:00:00,A,PC_GDP,CO,S14_S15,LIAB,F3_F4,SI,2011,29.9,
ESTAT:TIPSPD22(1.0),15/09/23 11:00:00,A,PC_GDP,CO,S14_S15,LIAB,F3_F4,SI,2012,30.7,
ESTAT:TIPSPD22(1.0),15/09/23 11:00:00,A,PC_GDP,CO,S14_S15,LIAB,F3_F4,SI,2013,29.6,
ESTAT:TIPSPD22(1.0),15/09/23 11:00:00,A,PC_GDP,CO,S14_S15,LIAB,F3_F4,SI,2014,28.3,
ESTAT:TIPSPD22(1.0),15/09/23 11:00:00,A,PC_GDP,CO,S14_S15,LIAB,F3_F4,SI,2015,27.6,
ESTAT:TIPSPD22(1.0),15/09/23 11:00:00,A,PC_GDP,CO,S14_S15,LIAB,F3_F4,SI,2016,27.3,
ESTAT:TIPSPD22(1.0),15/09/23 11:00:00,A,PC_GDP,CO,S14_S15,LIAB,F3_F4,SI,2017,27.1,
ESTAT:TIPSPD22(1.0),15/09/23 11:00:00,A,PC_GDP,CO,S14_S15,LIAB,F3_F4,SI,2018,26.9,
ESTAT:TIPSPD22(1.0),15/09/23 11:00:00,A,PC_GDP,CO,S14_S15,LIAB,F3_F4,SI,2019,26.8,
ESTAT:TIPSPD22(1.0),15/09/23 11:00:00,A,PC_GDP,CO,S14_S15,LIAB,F3_F4,SI,2020,27.8,
ESTAT:TIPSPD22(1.0),15/09/23 11:00:00,A,PC_GDP,CO,S14_S15,LIAB,F3_F4,SI,2021,26.4,
ESTAT:TIPSPD22(1.0),15/09/23 11:00:00,A,PC_GDP,CO,S14_S15,LIAB,F3_F4,SK,1995,3.6,
ESTAT:TIPSPD22(1.0),15/09/23 11:00:00,A,PC_GDP,CO,S14_S15,LIAB,F3_F4,SK,1996,3.3,
ESTAT:TIPSPD22(1.0),15/09/23 11:00:00,A,PC_GDP,CO,S14_S15,LIAB,F3_F4,SK,1997,3.6,
ESTAT:TIPSPD22(1.0),15/09/23 11:00:00,A,PC_GDP,CO,S14_S15,LIAB,F3_F4,SK,1998,4.1,
ESTAT:TIPSPD22(1.0),15/09/23 11:00:00,A,PC_GDP,CO,S14_S15,LIAB,F3_F4,SK,1999,3.6,
ESTAT:TIPSPD22(1.0),15/09/23 11:00:00,A,PC_GDP,CO,S14_S15,LIAB,F3_F4,SK,2000,4.2,
ESTAT:TIPSPD22(1.0),15/09/23 11:00:00,A,PC_GDP,CO,S14_S15,LIAB,F3_F4,SK,2001,5.8,
ESTAT:TIPSPD22(1.0),15/09/23 11:00:00,A,PC_GDP,CO,S14_S15,LIAB,F3_F4,SK,2002,5.7,
ESTAT:TIPSPD22(1.0),15/09/23 11:00:00,A,PC_GDP,CO,S14_S15,LIAB,F3_F4,SK,2003,7.0,
ESTAT:TIPSPD22(1.0),15/09/23 11:00:00,A,PC_GDP,CO,S14_S15,LIAB,F3_F4,SK,2004,8.2,
ESTAT:TIPSPD22(1.0),15/09/23 11:00:00,A,PC_GDP,CO,S14_S15,LIAB,F3_F4,SK,2005,12.3,
ESTAT:TIPSPD22(1.0),15/09/23 11:00:00,A,PC_GDP,CO,S14_S15,LIAB,F3_F4,SK,2006,14.0,
ESTAT:TIPSPD22(1.0),15/09/23 11:00:00,A,PC_GDP,CO,S14_S15,LIAB,F3_F4,SK,2007,18.0,
ESTAT:TIPSPD22(1.0),15/09/23 11:00:00,A,PC_GDP,CO,S14_S15,LIAB,F3_F4,SK,2008,20.9,
ESTAT:TIPSPD22(1.0),15/09/23 11:00:00,A,PC_GDP,CO,S14_S15,LIAB,F3_F4,SK,2009,23.7,
ESTAT:TIPSPD22(1.0),15/09/23 11:00:00,A,PC_GDP,CO,S14_S15,LIAB,F3_F4,SK,2010,24.4,
ESTAT:TIPSPD22(1.0),15/09/23 11:00:00,A,PC_GDP,CO,S14_S15,LIAB,F3_F4,SK,2011,26.0,
ESTAT:TIPSPD22(1.0),15/09/23 11:00:00,A,PC_GDP,CO,S14_S15,LIAB,F3_F4,SK,2012,28.0,
ESTAT:TIPSPD22(1.0),15/09/23 11:00:00,A,PC_GDP,CO,S14_S15,LIAB,F3_F4,SK,2013,29.6,
ESTAT:TIPSPD22(1.0),15/09/23 11:00:00,A,PC_GDP,CO,S14_S15,LIAB,F3_F4,SK,2014,32.4,
ESTAT:TIPSPD22(1.0),15/09/23 11:00:00,A,PC_GDP,CO,S14_S15,LIAB,F3_F4,SK,2015,34.3,
ESTAT:TIPSPD22(1.0),15/09/23 11:00:00,A,PC_GDP,CO,S14_S15,LIAB,F3_F4,SK,2016,38.2,
ESTAT:TIPSPD22(1.0),15/09/23 11:00:00,A,PC_GDP,CO,S14_S15,LIAB,F3_F4,SK,2017,40.9,
ESTAT:TIPSPD22(1.0),15/09/23 11:00:00,A,PC_GDP,CO,S14_S15,LIAB,F3_F4,SK,2018,42.2,
ESTAT:TIPSPD22(1.0),15/09/23 11:00:00,A,PC_GDP,CO,S14_S15,LIAB,F3_F4,SK,2019,43.4,
ESTAT:TIPSPD22(1.0),15/09/23 11:00:00,A,PC_GDP,CO,S14_S15,LIAB,F3_F4,SK,2020,46.6,
ESTAT:TIPSPD22(1.0),15/09/23 11:00:00,A,PC_GDP,CO,S14_S15,LIAB,F3_F4,SK,2021,47.8,
ESTAT:TIPSPD22(1.0),15/09/23 11:00:00,A,PC_GDP,CO,S14_S15,LIAB,F3_F4,SK,2022,48.0,
