DATAFLOW,LAST UPDATE,freq,unit,age,sex,geo,TIME_PERIOD,OBS_VALUE,OBS_FLAG
ESTAT:DEMO_PJANBROAD(1.0),03/07/23 23:00:00,A,NR,Y15-64,T,AT,1994,5330229,
ESTAT:DEMO_PJANBROAD(1.0),03/07/23 23:00:00,A,NR,Y15-64,T,AT,1995,5329559,
ESTAT:DEMO_PJANBROAD(1.0),03/07/23 23:00:00,A,NR,Y15-64,T,AT,1996,5330428,
ESTAT:DEMO_PJANBROAD(1.0),03/07/23 23:00:00,A,NR,Y15-64,T,AT,1997,5341496,
ESTAT:DEMO_PJANBROAD(1.0),03/07/23 23:00:00,A,NR,Y15-64,T,AT,1998,5352997,
ESTAT:DEMO_PJANBROAD(1.0),03/07/23 23:00:00,A,NR,Y15-64,T,AT,1999,5369748,
ESTAT:DEMO_PJANBROAD(1.0),03/07/23 23:00:00,A,NR,Y15-64,T,AT,2000,5396769,
ESTAT:DEMO_PJANBROAD(1.0),03/07/23 23:00:00,A,NR,Y15-64,T,AT,2001,5423750,
ESTAT:DEMO_PJANBROAD(1.0),03/07/23 23:00:00,A,NR,Y15-64,T,AT,2002,5468650,
ESTAT:DEMO_PJANBROAD(1.0),03/07/23 23:00:00,A,NR,Y15-64,T,AT,2003,5510504,
ESTAT:DEMO_PJANBROAD(1.0),03/07/23 23:00:00,A,NR,Y15-64,T,AT,2004,5551836,
ESTAT:DEMO_PJANBROAD(1.0),03/07/23 23:00:00,A,NR,Y15-64,T,AT,2005,5570381.0,
ESTAT:DEMO_PJANBROAD(1.0),03/07/23 23:00:00,A,NR,Y15-64,T,AT,2006,5584114.0,
ESTAT:DEMO_PJANBROAD(1.0),03/07/23 23:00:00,A,NR,Y15-64,T,AT,2007,5589077.0,
ESTAT:DEMO_PJANBROAD(1.0),03/07/23 23:00:00,A,NR,Y15-64,T,AT,2008,5606753.0,
ESTAT:DEMO_PJANBROAD(1.0),03/07/23 23:00:00,A,NR,Y15-64,T,AT,2009,5624765.0,
ESTAT:DEMO_PJANBROAD(1.0),03/07/23 23:00:00,A,NR,Y15-64,T,AT,2010,5633091.0,
ESTAT:DEMO_PJANBROAD(1.0),03/07/23 23:00:00,A,NR,Y15-64,T,AT,2011,5663159,
ESTAT:DEMO_PJANBROAD(1.0),03/07/23 23:00:00,A,NR,Y15-64,T,AT,2012,5687630,
ESTAT:DEMO_PJANBROAD(1.0),03/07/23 23:00:00,A,NR,Y15-64,T,AT,2013,5705240,
ESTAT:DEMO_PJANBROAD(1.0),03/07/23 23:00:00,A,NR,Y15-64,T,AT,2014,5732284,
ESTAT:DEMO_PJANBROAD(1.0),03/07/23 23:00:00,A,NR,Y15-64,T,AT,2015,5774985,
ESTAT:DEMO_PJANBROAD(1.0),03/07/23 23:00:00,A,NR,Y15-64,T,AT,2016,5848657,
ESTAT:DEMO_PJANBROAD(1.0),03/07/23 23:00:00,A,NR,Y15-64,T,AT,2017,5883608,
ESTAT:DEMO_PJANBROAD(1.0),03/07/23 23:00:00,A,NR,Y15-64,T,AT,2018,5902273,
ESTAT:DEMO_PJANBROAD(1.0),03/07/23 23:00:00,A,NR,Y15-64,T,AT,2019,5911524,
ESTAT:DEMO_PJANBROAD(1.0),03/07/23 23:00:00,A,NR,Y15-64,T,AT,2020,5924377,
ESTAT:DEMO_PJANBROAD(1.0),03/07/23 23:00:00,A,NR,Y15-64,T,AT,2021,5930889,
ESTAT:DEMO_PJANBROAD(1.0),03/07/23 23:00:00,A,NR,Y15-64,T,AT,2022,5941650,
ESTAT:DEMO_PJANBROAD(1.0),03/07/23 23:00:00,A,NR,Y15-64,T,BE,1994,6698152,
ESTAT:DEMO_PJANBROAD(1.0),03/07/23 23:00:00,A,NR,Y15-64,T,BE,1995,6707199,
ESTAT:DEMO_PJANBROAD(1.0),03/07/23 23:00:00,A,NR,Y15-64,T,BE,1996,6700435,
ESTAT:DEMO_PJANBROAD(1.0),03/07/23 23:00:00,A,NR,Y15-64,T,BE,1997,6705928,
ESTAT:DEMO_PJANBROAD(1.0),03/07/23 23:00:00,A,NR,Y15-64,T,BE,1998,6706370,
ESTAT:DEMO_PJANBROAD(1.0),03/07/23 23:00:00,A,NR,Y15-64,T,BE,1999,6711049,
ESTAT:DEMO_PJANBROAD(1.0),03/07/23 23:00:00,A,NR,Y15-64,T,BE,2000,6719207,
ESTAT:DEMO_PJANBROAD(1.0),03/07/23 23:00:00,A,NR,Y15-64,T,BE,2001,6728589,
ESTAT:DEMO_PJANBROAD(1.0),03/07/23 23:00:00,A,NR,Y15-64,T,BE,2002,6758088,
ESTAT:DEMO_PJANBROAD(1.0),03/07/23 23:00:00,A,NR,Y15-64,T,BE,2003,6790755,
ESTAT:DEMO_PJANBROAD(1.0),03/07/23 23:00:00,A,NR,Y15-64,T,BE,2004,6818862,
ESTAT:DEMO_PJANBROAD(1.0),03/07/23 23:00:00,A,NR,Y15-64,T,BE,2005,6851494.0,
ESTAT:DEMO_PJANBROAD(1.0),03/07/23 23:00:00,A,NR,Y15-64,T,BE,2006,6906263.0,
ESTAT:DEMO_PJANBROAD(1.0),03/07/23 23:00:00,A,NR,Y15-64,T,BE,2007,6976743.0,
ESTAT:DEMO_PJANBROAD(1.0),03/07/23 23:00:00,A,NR,Y15-64,T,BE,2008,7046685.0,
ESTAT:DEMO_PJANBROAD(1.0),03/07/23 23:00:00,A,NR,Y15-64,T,BE,2009,7101426.0,
ESTAT:DEMO_PJANBROAD(1.0),03/07/23 23:00:00,A,NR,Y15-64,T,BE,2010,7147512.0,
ESTAT:DEMO_PJANBROAD(1.0),03/07/23 23:00:00,A,NR,Y15-64,T,BE,2011,7250159,
ESTAT:DEMO_PJANBROAD(1.0),03/07/23 23:00:00,A,NR,Y15-64,T,BE,2012,7270280,
ESTAT:DEMO_PJANBROAD(1.0),03/07/23 23:00:00,A,NR,Y15-64,T,BE,2013,7286902,
ESTAT:DEMO_PJANBROAD(1.0),03/07/23 23:00:00,A,NR,Y15-64,T,BE,2014,7286350,
ESTAT:DEMO_PJANBROAD(1.0),03/07/23 23:00:00,A,NR,Y15-64,T,BE,2015,7295584,
ESTAT:DEMO_PJANBROAD(1.0),03/07/23 23:00:00,A,NR,Y15-64,T,BE,2016,7326873,
ESTAT:DEMO_PJANBROAD(1.0),03/07/23 23:00:00,A,NR,Y15-64,T,BE,2017,7328664,
ESTAT:DEMO_PJANBROAD(1.0),03/07/23 23:00:00,A,NR,Y15-64,T,BE,2018,7333992,
ESTAT:DEMO_PJANBROAD(1.0),03/07/23 23:00:00,A,NR,Y15-64,T,BE,2019,7350494,
ESTAT:DEMO_PJANBROAD(1.0),03/07/23 23:00:00,A,NR,Y15-64,T,BE,2020,7375684,
ESTAT:DEMO_PJANBROAD(1.0),03/07/23 23:00:00,A,NR,Y15-64,T,BE,2021,7389952,
ESTAT:DEMO_PJANBROAD(1.0),03/07/23 23:00:00,A,NR,Y15-64,T,BE,2022,7416490,
ESTAT:DEMO_PJANBROAD(1.0),03/07/23 23:00:00,A,NR,Y15-64,T,CY,1994,403545,
ESTAT:DEMO_PJANBROAD(1.0),03/07/23 23:00:00,A,NR,Y15-64,T,CY,1995,412771,
ESTAT:DEMO_PJANBROAD(1.0),03/07/23 23:00:00,A,NR,Y15-64,T,CY,1996,422187,
ESTAT:DEMO_PJANBROAD(1.0),03/07/23 23:00:00,A,NR,Y15-64,T,CY,1997,430670,
ESTAT:DEMO_PJANBROAD(1.0),03/07/23 23:00:00,A,NR,Y15-64,T,CY,1998,439148,
ESTAT:DEMO_PJANBROAD(1.0),03/07/23 23:00:00,A,NR,Y15-64,T,CY,1999,447383,
ESTAT:DEMO_PJANBROAD(1.0),03/07/23 23:00:00,A,NR,Y15-64,T,CY,2000,455638,
ESTAT:DEMO_PJANBROAD(1.0),03/07/23 23:00:00,A,NR,Y15-64,T,CY,2001,463283,
ESTAT:DEMO_PJANBROAD(1.0),03/07/23 23:00:00,A,NR,Y15-64,T,CY,2002,471532,
ESTAT:DEMO_PJANBROAD(1.0),03/07/23 23:00:00,A,NR,Y15-64,T,CY,2003,479857,
ESTAT:DEMO_PJANBROAD(1.0),03/07/23 23:00:00,A,NR,Y15-64,T,CY,2004,489274,
ESTAT:DEMO_PJANBROAD(1.0),03/07/23 23:00:00,A,NR,Y15-64,T,CY,2005,498762.0,
ESTAT:DEMO_PJANBROAD(1.0),03/07/23 23:00:00,A,NR,Y15-64,T,CY,2006,509290.0,
ESTAT:DEMO_PJANBROAD(1.0),03/07/23 23:00:00,A,NR,Y15-64,T,CY,2007,521298.0,
ESTAT:DEMO_PJANBROAD(1.0),03/07/23 23:00:00,A,NR,Y15-64,T,CY,2008,538724.0,
ESTAT:DEMO_PJANBROAD(1.0),03/07/23 23:00:00,A,NR,Y15-64,T,CY,2009,556876.0,
ESTAT:DEMO_PJANBROAD(1.0),03/07/23 23:00:00,A,NR,Y15-64,T,CY,2010,575564.0,
ESTAT:DEMO_PJANBROAD(1.0),03/07/23 23:00:00,A,NR,Y15-64,T,CY,2011,591923,
ESTAT:DEMO_PJANBROAD(1.0),03/07/23 23:00:00,A,NR,Y15-64,T,CY,2012,609334,
ESTAT:DEMO_PJANBROAD(1.0),03/07/23 23:00:00,A,NR,Y15-64,T,CY,2013,609642,
ESTAT:DEMO_PJANBROAD(1.0),03/07/23 23:00:00,A,NR,Y15-64,T,CY,2014,599395,
ESTAT:DEMO_PJANBROAD(1.0),03/07/23 23:00:00,A,NR,Y15-64,T,CY,2015,584081,
ESTAT:DEMO_PJANBROAD(1.0),03/07/23 23:00:00,A,NR,Y15-64,T,CY,2016,580541,
ESTAT:DEMO_PJANBROAD(1.0),03/07/23 23:00:00,A,NR,Y15-64,T,CY,2017,582452,
ESTAT:DEMO_PJANBROAD(1.0),03/07/23 23:00:00,A,NR,Y15-64,T,CY,2018,586727,
ESTAT:DEMO_PJANBROAD(1.0),03/07/23 23:00:00,A,NR,Y15-64,T,CY,2019,593583,
ESTAT:DEMO_PJANBROAD(1.0),03/07/23 23:00:00,A,NR,Y15-64,T,CY,2020,600733,
ESTAT:DEMO_PJANBROAD(1.0),03/07/23 23:00:00,A,NR,Y15-64,T,CY,2021,605000,
ESTAT:DEMO_PJANBROAD(1.0),03/07/23 23:00:00,A,NR,Y15-64,T,CY,2022,609929,
ESTAT:DEMO_PJANBROAD(1.0),03/07/23 23:00:00,A,NR,Y15-64,T,DE,1994,55670122,
ESTAT:DEMO_PJANBROAD(1.0),03/07/23 23:00:00,A,NR,Y15-64,T,DE,1995,55702495,
ESTAT:DEMO_PJANBROAD(1.0),03/07/23 23:00:00,A,NR,Y15-64,T,DE,1996,55846564,
ESTAT:DEMO_PJANBROAD(1.0),03/07/23 23:00:00,A,NR,Y15-64,T,DE,1997,55968137,
ESTAT:DEMO_PJANBROAD(1.0),03/07/23 23:00:00,A,NR,Y15-64,T,DE,1998,55992553,
ESTAT:DEMO_PJANBROAD(1.0),03/07/23 23:00:00,A,NR,Y15-64,T,DE,1999,55989513,
ESTAT:DEMO_PJANBROAD(1.0),03/07/23 23:00:00,A,NR,Y15-64,T,DE,2000,55915209,
ESTAT:DEMO_PJANBROAD(1.0),03/07/23 23:00:00,A,NR,Y15-64,T,DE,2001,55788284,
ESTAT:DEMO_PJANBROAD(1.0),03/07/23 23:00:00,A,NR,Y15-64,T,DE,2002,55755743,
ESTAT:DEMO_PJANBROAD(1.0),03/07/23 23:00:00,A,NR,Y15-64,T,DE,2003,55682281,
ESTAT:DEMO_PJANBROAD(1.0),03/07/23 23:00:00,A,NR,Y15-64,T,DE,2004,55509566,
ESTAT:DEMO_PJANBROAD(1.0),03/07/23 23:00:00,A,NR,Y15-64,T,DE,2005,55208740.0,
ESTAT:DEMO_PJANBROAD(1.0),03/07/23 23:00:00,A,NR,Y15-64,T,DE,2006,54918049.0,
ESTAT:DEMO_PJANBROAD(1.0),03/07/23 23:00:00,A,NR,Y15-64,T,DE,2007,54574251.0,
ESTAT:DEMO_PJANBROAD(1.0),03/07/23 23:00:00,A,NR,Y15-64,T,DE,2008,54417397.0,
ESTAT:DEMO_PJANBROAD(1.0),03/07/23 23:00:00,A,NR,Y15-64,T,DE,2009,54134237.0,
ESTAT:DEMO_PJANBROAD(1.0),03/07/23 23:00:00,A,NR,Y15-64,T,DE,2010,53877881.0,
ESTAT:DEMO_PJANBROAD(1.0),03/07/23 23:00:00,A,NR,Y15-64,T,DE,2011,52762009,b
ESTAT:DEMO_PJANBROAD(1.0),03/07/23 23:00:00,A,NR,Y15-64,T,DE,2012,52951462,
ESTAT:DEMO_PJANBROAD(1.0),03/07/23 23:00:00,A,NR,Y15-64,T,DE,2013,53125688,
ESTAT:DEMO_PJANBROAD(1.0),03/07/23 23:00:00,A,NR,Y15-64,T,DE,2014,53272221,
ESTAT:DEMO_PJANBROAD(1.0),03/07/23 23:00:00,A,NR,Y15-64,T,DE,2015,53422103,
ESTAT:DEMO_PJANBROAD(1.0),03/07/23 23:00:00,A,NR,Y15-64,T,DE,2016,53994380,
ESTAT:DEMO_PJANBROAD(1.0),03/07/23 23:00:00,A,NR,Y15-64,T,DE,2017,53963380,
ESTAT:DEMO_PJANBROAD(1.0),03/07/23 23:00:00,A,NR,Y15-64,T,DE,2018,53910881,
ESTAT:DEMO_PJANBROAD(1.0),03/07/23 23:00:00,A,NR,Y15-64,T,DE,2019,53844866,
ESTAT:DEMO_PJANBROAD(1.0),03/07/23 23:00:00,A,NR,Y15-64,T,DE,2020,53684770,
ESTAT:DEMO_PJANBROAD(1.0),03/07/23 23:00:00,A,NR,Y15-64,T,DE,2021,53405595,
ESTAT:DEMO_PJANBROAD(1.0),03/07/23 23:00:00,A,NR,Y15-64,T,DE,2022,53193690,
ESTAT:DEMO_PJANBROAD(1.0),03/07/23 23:00:00,A,NR,Y15-64,T,EA19,1994,212138396,
ESTAT:DEMO_PJANBROAD(1.0),03/07/23 23:00:00,A,NR,Y15-64,T,EA19,1995,212565547,
ESTAT:DEMO_PJANBROAD(1.0),03/07/23 23:00:00,A,NR,Y15-64,T,EA19,1996,213002562,
ESTAT:DEMO_PJANBROAD(1.0),03/07/23 23:00:00,A,NR,Y15-64,T,EA19,1997,213484065,
ESTAT:DEMO_PJANBROAD(1.0),03/07/23 23:00:00,A,NR,Y15-64,T,EA19,1998,214925568,
ESTAT:DEMO_PJANBROAD(1.0),03/07/23 23:00:00,A,NR,Y15-64,T,EA19,1999,215261618,
ESTAT:DEMO_PJANBROAD(1.0),03/07/23 23:00:00,A,NR,Y15-64,T,EA19,2000,215647211,
ESTAT:DEMO_PJANBROAD(1.0),03/07/23 23:00:00,A,NR,Y15-64,T,EA19,2001,216003163,
ESTAT:DEMO_PJANBROAD(1.0),03/07/23 23:00:00,A,NR,Y15-64,T,EA19,2002,216528839,
ESTAT:DEMO_PJANBROAD(1.0),03/07/23 23:00:00,A,NR,Y15-64,T,EA19,2003,217488519,
ESTAT:DEMO_PJANBROAD(1.0),03/07/23 23:00:00,A,NR,Y15-64,T,EA19,2004,218513472,
ESTAT:DEMO_PJANBROAD(1.0),03/07/23 23:00:00,A,NR,Y15-64,T,EA19,2005,219379036.0,
ESTAT:DEMO_PJANBROAD(1.0),03/07/23 23:00:00,A,NR,Y15-64,T,EA19,2006,219986359.0,
ESTAT:DEMO_PJANBROAD(1.0),03/07/23 23:00:00,A,NR,Y15-64,T,EA19,2007,220685918.0,
ESTAT:DEMO_PJANBROAD(1.0),03/07/23 23:00:00,A,NR,Y15-64,T,EA19,2008,221860476.0,
ESTAT:DEMO_PJANBROAD(1.0),03/07/23 23:00:00,A,NR,Y15-64,T,EA19,2009,222289546.0,
ESTAT:DEMO_PJANBROAD(1.0),03/07/23 23:00:00,A,NR,Y15-64,T,EA19,2010,222221513.0,
ESTAT:DEMO_PJANBROAD(1.0),03/07/23 23:00:00,A,NR,Y15-64,T,EA19,2011,221221014,b
ESTAT:DEMO_PJANBROAD(1.0),03/07/23 23:00:00,A,NR,Y15-64,T,EA19,2012,220958951,
ESTAT:DEMO_PJANBROAD(1.0),03/07/23 23:00:00,A,NR,Y15-64,T,EA19,2013,220573180,
ESTAT:DEMO_PJANBROAD(1.0),03/07/23 23:00:00,A,NR,Y15-64,T,EA19,2014,220795390,b
ESTAT:DEMO_PJANBROAD(1.0),03/07/23 23:00:00,A,NR,Y15-64,T,EA19,2015,220388467,b
ESTAT:DEMO_PJANBROAD(1.0),03/07/23 23:00:00,A,NR,Y15-64,T,EA19,2016,220549629,
ESTAT:DEMO_PJANBROAD(1.0),03/07/23 23:00:00,A,NR,Y15-64,T,EA19,2017,220198129,b
ESTAT:DEMO_PJANBROAD(1.0),03/07/23 23:00:00,A,NR,Y15-64,T,EA19,2018,219937460,p
ESTAT:DEMO_PJANBROAD(1.0),03/07/23 23:00:00,A,NR,Y15-64,T,EA19,2019,219500937,bep
ESTAT:DEMO_PJANBROAD(1.0),03/07/23 23:00:00,A,NR,Y15-64,T,EA19,2020,219447823,p
ESTAT:DEMO_PJANBROAD(1.0),03/07/23 23:00:00,A,NR,Y15-64,T,EA19,2021,218977379,bp
ESTAT:DEMO_PJANBROAD(1.0),03/07/23 23:00:00,A,NR,Y15-64,T,EA19,2022,218619132,bp
ESTAT:DEMO_PJANBROAD(1.0),03/07/23 23:00:00,A,NR,Y15-64,T,EE,1994,972286,
ESTAT:DEMO_PJANBROAD(1.0),03/07/23 23:00:00,A,NR,Y15-64,T,EE,1995,952702,
ESTAT:DEMO_PJANBROAD(1.0),03/07/23 23:00:00,A,NR,Y15-64,T,EE,1996,937383,
ESTAT:DEMO_PJANBROAD(1.0),03/07/23 23:00:00,A,NR,Y15-64,T,EE,1997,925862,
ESTAT:DEMO_PJANBROAD(1.0),03/07/23 23:00:00,A,NR,Y15-64,T,EE,1998,919057,
ESTAT:DEMO_PJANBROAD(1.0),03/07/23 23:00:00,A,NR,Y15-64,T,EE,1999,915622,
ESTAT:DEMO_PJANBROAD(1.0),03/07/23 23:00:00,A,NR,Y15-64,T,EE,2000,942700,
ESTAT:DEMO_PJANBROAD(1.0),03/07/23 23:00:00,A,NR,Y15-64,T,EE,2001,939770,
ESTAT:DEMO_PJANBROAD(1.0),03/07/23 23:00:00,A,NR,Y15-64,T,EE,2002,935930,
ESTAT:DEMO_PJANBROAD(1.0),03/07/23 23:00:00,A,NR,Y15-64,T,EE,2003,932000,
ESTAT:DEMO_PJANBROAD(1.0),03/07/23 23:00:00,A,NR,Y15-64,T,EE,2004,928510,
ESTAT:DEMO_PJANBROAD(1.0),03/07/23 23:00:00,A,NR,Y15-64,T,EE,2005,924760.0,
ESTAT:DEMO_PJANBROAD(1.0),03/07/23 23:00:00,A,NR,Y15-64,T,EE,2006,919760.0,
ESTAT:DEMO_PJANBROAD(1.0),03/07/23 23:00:00,A,NR,Y15-64,T,EE,2007,910960.0,
ESTAT:DEMO_PJANBROAD(1.0),03/07/23 23:00:00,A,NR,Y15-64,T,EE,2008,906360.0,
ESTAT:DEMO_PJANBROAD(1.0),03/07/23 23:00:00,A,NR,Y15-64,T,EE,2009,903250.0,
ESTAT:DEMO_PJANBROAD(1.0),03/07/23 23:00:00,A,NR,Y15-64,T,EE,2010,899210.0,
ESTAT:DEMO_PJANBROAD(1.0),03/07/23 23:00:00,A,NR,Y15-64,T,EE,2011,893550,
ESTAT:DEMO_PJANBROAD(1.0),03/07/23 23:00:00,A,NR,Y15-64,T,EE,2012,884990,
ESTAT:DEMO_PJANBROAD(1.0),03/07/23 23:00:00,A,NR,Y15-64,T,EE,2013,875302,
ESTAT:DEMO_PJANBROAD(1.0),03/07/23 23:00:00,A,NR,Y15-64,T,EE,2014,866008,
ESTAT:DEMO_PJANBROAD(1.0),03/07/23 23:00:00,A,NR,Y15-64,T,EE,2015,858563,b
ESTAT:DEMO_PJANBROAD(1.0),03/07/23 23:00:00,A,NR,Y15-64,T,EE,2016,854174,
ESTAT:DEMO_PJANBROAD(1.0),03/07/23 23:00:00,A,NR,Y15-64,T,EE,2017,847552,
ESTAT:DEMO_PJANBROAD(1.0),03/07/23 23:00:00,A,NR,Y15-64,T,EE,2018,845525,
ESTAT:DEMO_PJANBROAD(1.0),03/07/23 23:00:00,A,NR,Y15-64,T,EE,2019,845549,
ESTAT:DEMO_PJANBROAD(1.0),03/07/23 23:00:00,A,NR,Y15-64,T,EE,2020,843986,
ESTAT:DEMO_PJANBROAD(1.0),03/07/23 23:00:00,A,NR,Y15-64,T,EE,2021,840956,
ESTAT:DEMO_PJANBROAD(1.0),03/07/23 23:00:00,A,NR,Y15-64,T,EE,2022,841851,
ESTAT:DEMO_PJANBROAD(1.0),03/07/23 23:00:00,A,NR,Y15-64,T,EL,1994,7088269,
ESTAT:DEMO_PJANBROAD(1.0),03/07/23 23:00:00,A,NR,Y15-64,T,EL,1995,7133410,
ESTAT:DEMO_PJANBROAD(1.0),03/07/23 23:00:00,A,NR,Y15-64,T,EL,1996,7184192,
ESTAT:DEMO_PJANBROAD(1.0),03/07/23 23:00:00,A,NR,Y15-64,T,EL,1997,7222477,
ESTAT:DEMO_PJANBROAD(1.0),03/07/23 23:00:00,A,NR,Y15-64,T,EL,1998,7273744,
ESTAT:DEMO_PJANBROAD(1.0),03/07/23 23:00:00,A,NR,Y15-64,T,EL,1999,7314629,
ESTAT:DEMO_PJANBROAD(1.0),03/07/23 23:00:00,A,NR,Y15-64,T,EL,2000,7320980,
ESTAT:DEMO_PJANBROAD(1.0),03/07/23 23:00:00,A,NR,Y15-64,T,EL,2001,7345393,
ESTAT:DEMO_PJANBROAD(1.0),03/07/23 23:00:00,A,NR,Y15-64,T,EL,2002,7277225,
ESTAT:DEMO_PJANBROAD(1.0),03/07/23 23:00:00,A,NR,Y15-64,T,EL,2003,7281903,
ESTAT:DEMO_PJANBROAD(1.0),03/07/23 23:00:00,A,NR,Y15-64,T,EL,2004,7294186,
ESTAT:DEMO_PJANBROAD(1.0),03/07/23 23:00:00,A,NR,Y15-64,T,EL,2005,7309775.0,
ESTAT:DEMO_PJANBROAD(1.0),03/07/23 23:00:00,A,NR,Y15-64,T,EL,2006,7334214.0,
ESTAT:DEMO_PJANBROAD(1.0),03/07/23 23:00:00,A,NR,Y15-64,T,EL,2007,7357381.0,
ESTAT:DEMO_PJANBROAD(1.0),03/07/23 23:00:00,A,NR,Y15-64,T,EL,2008,7378009.0,
ESTAT:DEMO_PJANBROAD(1.0),03/07/23 23:00:00,A,NR,Y15-64,T,EL,2009,7388356.0,
ESTAT:DEMO_PJANBROAD(1.0),03/07/23 23:00:00,A,NR,Y15-64,T,EL,2010,7381658.0,
ESTAT:DEMO_PJANBROAD(1.0),03/07/23 23:00:00,A,NR,Y15-64,T,EL,2011,7349425,
ESTAT:DEMO_PJANBROAD(1.0),03/07/23 23:00:00,A,NR,Y15-64,T,EL,2012,7279865,
ESTAT:DEMO_PJANBROAD(1.0),03/07/23 23:00:00,A,NR,Y15-64,T,EL,2013,7180241,
ESTAT:DEMO_PJANBROAD(1.0),03/07/23 23:00:00,A,NR,Y15-64,T,EL,2014,7088176,
ESTAT:DEMO_PJANBROAD(1.0),03/07/23 23:00:00,A,NR,Y15-64,T,EL,2015,7011027,
ESTAT:DEMO_PJANBROAD(1.0),03/07/23 23:00:00,A,NR,Y15-64,T,EL,2016,6934132,
ESTAT:DEMO_PJANBROAD(1.0),03/07/23 23:00:00,A,NR,Y15-64,T,EL,2017,6893783,
ESTAT:DEMO_PJANBROAD(1.0),03/07/23 23:00:00,A,NR,Y15-64,T,EL,2018,6854336,
ESTAT:DEMO_PJANBROAD(1.0),03/07/23 23:00:00,A,NR,Y15-64,T,EL,2019,6824251,
ESTAT:DEMO_PJANBROAD(1.0),03/07/23 23:00:00,A,NR,Y15-64,T,EL,2020,6804846,
ESTAT:DEMO_PJANBROAD(1.0),03/07/23 23:00:00,A,NR,Y15-64,T,EL,2021,6760040,
ESTAT:DEMO_PJANBROAD(1.0),03/07/23 23:00:00,A,NR,Y15-64,T,EL,2022,6657643,b
ESTAT:DEMO_PJANBROAD(1.0),03/07/23 23:00:00,A,NR,Y15-64,T,ES,1994,26779242,
ESTAT:DEMO_PJANBROAD(1.0),03/07/23 23:00:00,A,NR,Y15-64,T,ES,1995,27017523,
ESTAT:DEMO_PJANBROAD(1.0),03/07/23 23:00:00,A,NR,Y15-64,T,ES,1996,27214618,
ESTAT:DEMO_PJANBROAD(1.0),03/07/23 23:00:00,A,NR,Y15-64,T,ES,1997,27397060,
ESTAT:DEMO_PJANBROAD(1.0),03/07/23 23:00:00,A,NR,Y15-64,T,ES,1998,27545673,
ESTAT:DEMO_PJANBROAD(1.0),03/07/23 23:00:00,A,NR,Y15-64,T,ES,1999,27664650,
ESTAT:DEMO_PJANBROAD(1.0),03/07/23 23:00:00,A,NR,Y15-64,T,ES,2000,27787317,
ESTAT:DEMO_PJANBROAD(1.0),03/07/23 23:00:00,A,NR,Y15-64,T,ES,2001,27894335,
ESTAT:DEMO_PJANBROAD(1.0),03/07/23 23:00:00,A,NR,Y15-64,T,ES,2002,28101689,
ESTAT:DEMO_PJANBROAD(1.0),03/07/23 23:00:00,A,NR,Y15-64,T,ES,2003,28681781,
ESTAT:DEMO_PJANBROAD(1.0),03/07/23 23:00:00,A,NR,Y15-64,T,ES,2004,29237075,
ESTAT:DEMO_PJANBROAD(1.0),03/07/23 23:00:00,A,NR,Y15-64,T,ES,2005,29864751.0,
ESTAT:DEMO_PJANBROAD(1.0),03/07/23 23:00:00,A,NR,Y15-64,T,ES,2006,30305552.0,
ESTAT:DEMO_PJANBROAD(1.0),03/07/23 23:00:00,A,NR,Y15-64,T,ES,2007,30851715.0,
ESTAT:DEMO_PJANBROAD(1.0),03/07/23 23:00:00,A,NR,Y15-64,T,ES,2008,31480274.0,
ESTAT:DEMO_PJANBROAD(1.0),03/07/23 23:00:00,A,NR,Y15-64,T,ES,2009,31745983.0,
ESTAT:DEMO_PJANBROAD(1.0),03/07/23 23:00:00,A,NR,Y15-64,T,ES,2010,31742426.0,
ESTAT:DEMO_PJANBROAD(1.0),03/07/23 23:00:00,A,NR,Y15-64,T,ES,2011,31670480,
ESTAT:DEMO_PJANBROAD(1.0),03/07/23 23:00:00,A,NR,Y15-64,T,ES,2012,31613238,
ESTAT:DEMO_PJANBROAD(1.0),03/07/23 23:00:00,A,NR,Y15-64,T,ES,2013,31375814,
ESTAT:DEMO_PJANBROAD(1.0),03/07/23 23:00:00,A,NR,Y15-64,T,ES,2014,31005223,
ESTAT:DEMO_PJANBROAD(1.0),03/07/23 23:00:00,A,NR,Y15-64,T,ES,2015,30808472,
ESTAT:DEMO_PJANBROAD(1.0),03/07/23 23:00:00,A,NR,Y15-64,T,ES,2016,30720535,
ESTAT:DEMO_PJANBROAD(1.0),03/07/23 23:00:00,A,NR,Y15-64,T,ES,2017,30700225,
ESTAT:DEMO_PJANBROAD(1.0),03/07/23 23:00:00,A,NR,Y15-64,T,ES,2018,30720389,
ESTAT:DEMO_PJANBROAD(1.0),03/07/23 23:00:00,A,NR,Y15-64,T,ES,2019,30901368,
ESTAT:DEMO_PJANBROAD(1.0),03/07/23 23:00:00,A,NR,Y15-64,T,ES,2020,31188145,
ESTAT:DEMO_PJANBROAD(1.0),03/07/23 23:00:00,A,NR,Y15-64,T,ES,2021,31268460,
ESTAT:DEMO_PJANBROAD(1.0),03/07/23 23:00:00,A,NR,Y15-64,T,ES,2022,31278325,
ESTAT:DEMO_PJANBROAD(1.0),03/07/23 23:00:00,A,NR,Y15-64,T,FI,1994,3401055,
ESTAT:DEMO_PJANBROAD(1.0),03/07/23 23:00:00,A,NR,Y15-64,T,FI,1995,3406792,
ESTAT:DEMO_PJANBROAD(1.0),03/07/23 23:00:00,A,NR,Y15-64,T,FI,1996,3412639,
ESTAT:DEMO_PJANBROAD(1.0),03/07/23 23:00:00,A,NR,Y15-64,T,FI,1997,3420598,
ESTAT:DEMO_PJANBROAD(1.0),03/07/23 23:00:00,A,NR,Y15-64,T,FI,1998,3433511,
ESTAT:DEMO_PJANBROAD(1.0),03/07/23 23:00:00,A,NR,Y15-64,T,FI,1999,3449681,
ESTAT:DEMO_PJANBROAD(1.0),03/07/23 23:00:00,A,NR,Y15-64,T,FI,2000,3461133,
ESTAT:DEMO_PJANBROAD(1.0),03/07/23 23:00:00,A,NR,Y15-64,T,FI,2001,3467584,
ESTAT:DEMO_PJANBROAD(1.0),03/07/23 23:00:00,A,NR,Y15-64,T,FI,2002,3475943,
ESTAT:DEMO_PJANBROAD(1.0),03/07/23 23:00:00,A,NR,Y15-64,T,FI,2003,3480722,
ESTAT:DEMO_PJANBROAD(1.0),03/07/23 23:00:00,A,NR,Y15-64,T,FI,2004,3486440,
ESTAT:DEMO_PJANBROAD(1.0),03/07/23 23:00:00,A,NR,Y15-64,T,FI,2005,3491111.0,
ESTAT:DEMO_PJANBROAD(1.0),03/07/23 23:00:00,A,NR,Y15-64,T,FI,2006,3507511.0,
ESTAT:DEMO_PJANBROAD(1.0),03/07/23 23:00:00,A,NR,Y15-64,T,FI,2007,3507057.0,
ESTAT:DEMO_PJANBROAD(1.0),03/07/23 23:00:00,A,NR,Y15-64,T,FI,2008,3530663.0,
ESTAT:DEMO_PJANBROAD(1.0),03/07/23 23:00:00,A,NR,Y15-64,T,FI,2009,3543084.0,
ESTAT:DEMO_PJANBROAD(1.0),03/07/23 23:00:00,A,NR,Y15-64,T,FI,2010,3552663.0,
ESTAT:DEMO_PJANBROAD(1.0),03/07/23 23:00:00,A,NR,Y15-64,T,FI,2011,3546558,
ESTAT:DEMO_PJANBROAD(1.0),03/07/23 23:00:00,A,NR,Y15-64,T,FI,2012,3532645,
ESTAT:DEMO_PJANBROAD(1.0),03/07/23 23:00:00,A,NR,Y15-64,T,FI,2013,3517089,
ESTAT:DEMO_PJANBROAD(1.0),03/07/23 23:00:00,A,NR,Y15-64,T,FI,2014,3499702,
ESTAT:DEMO_PJANBROAD(1.0),03/07/23 23:00:00,A,NR,Y15-64,T,FI,2015,3483757,
ESTAT:DEMO_PJANBROAD(1.0),03/07/23 23:00:00,A,NR,Y15-64,T,FI,2016,3468182,
ESTAT:DEMO_PJANBROAD(1.0),03/07/23 23:00:00,A,NR,Y15-64,T,FI,2017,3459144,
ESTAT:DEMO_PJANBROAD(1.0),03/07/23 23:00:00,A,NR,Y15-64,T,FI,2018,3443388,
ESTAT:DEMO_PJANBROAD(1.0),03/07/23 23:00:00,A,NR,Y15-64,T,FI,2019,3430848,
ESTAT:DEMO_PJANBROAD(1.0),03/07/23 23:00:00,A,NR,Y15-64,T,FI,2020,3422982,
ESTAT:DEMO_PJANBROAD(1.0),03/07/23 23:00:00,A,NR,Y15-64,T,FI,2021,3416994,
ESTAT:DEMO_PJANBROAD(1.0),03/07/23 23:00:00,A,NR,Y15-64,T,FI,2022,3417411,
ESTAT:DEMO_PJANBROAD(1.0),03/07/23 23:00:00,A,NR,Y15-64,T,FR,1994,38645332,
ESTAT:DEMO_PJANBROAD(1.0),03/07/23 23:00:00,A,NR,Y15-64,T,FR,1995,38742911,
ESTAT:DEMO_PJANBROAD(1.0),03/07/23 23:00:00,A,NR,Y15-64,T,FR,1996,38853259,
ESTAT:DEMO_PJANBROAD(1.0),03/07/23 23:00:00,A,NR,Y15-64,T,FR,1997,38975321,
ESTAT:DEMO_PJANBROAD(1.0),03/07/23 23:00:00,A,NR,Y15-64,T,FR,1998,39094951,
ESTAT:DEMO_PJANBROAD(1.0),03/07/23 23:00:00,A,NR,Y15-64,T,FR,1999,39204000,
ESTAT:DEMO_PJANBROAD(1.0),03/07/23 23:00:00,A,NR,Y15-64,T,FR,2000,39401830,
ESTAT:DEMO_PJANBROAD(1.0),03/07/23 23:00:00,A,NR,Y15-64,T,FR,2001,39644822,
ESTAT:DEMO_PJANBROAD(1.0),03/07/23 23:00:00,A,NR,Y15-64,T,FR,2002,39916878,
ESTAT:DEMO_PJANBROAD(1.0),03/07/23 23:00:00,A,NR,Y15-64,T,FR,2003,40206348,
ESTAT:DEMO_PJANBROAD(1.0),03/07/23 23:00:00,A,NR,Y15-64,T,FR,2004,40514381,
ESTAT:DEMO_PJANBROAD(1.0),03/07/23 23:00:00,A,NR,Y15-64,T,FR,2005,40827143.0,
ESTAT:DEMO_PJANBROAD(1.0),03/07/23 23:00:00,A,NR,Y15-64,T,FR,2006,41164259.0,
ESTAT:DEMO_PJANBROAD(1.0),03/07/23 23:00:00,A,NR,Y15-64,T,FR,2007,41469030.0,
ESTAT:DEMO_PJANBROAD(1.0),03/07/23 23:00:00,A,NR,Y15-64,T,FR,2008,41682997.0,
ESTAT:DEMO_PJANBROAD(1.0),03/07/23 23:00:00,A,NR,Y15-64,T,FR,2009,41808724.0,
ESTAT:DEMO_PJANBROAD(1.0),03/07/23 23:00:00,A,NR,Y15-64,T,FR,2010,41912055.0,
ESTAT:DEMO_PJANBROAD(1.0),03/07/23 23:00:00,A,NR,Y15-64,T,FR,2011,42032813,
ESTAT:DEMO_PJANBROAD(1.0),03/07/23 23:00:00,A,NR,Y15-64,T,FR,2012,41958592,
ESTAT:DEMO_PJANBROAD(1.0),03/07/23 23:00:00,A,NR,Y15-64,T,FR,2013,41882640,
ESTAT:DEMO_PJANBROAD(1.0),03/07/23 23:00:00,A,NR,Y15-64,T,FR,2014,41953896,b
ESTAT:DEMO_PJANBROAD(1.0),03/07/23 23:00:00,A,NR,Y15-64,T,FR,2015,41877855,
ESTAT:DEMO_PJANBROAD(1.0),03/07/23 23:00:00,A,NR,Y15-64,T,FR,2016,41788201,
ESTAT:DEMO_PJANBROAD(1.0),03/07/23 23:00:00,A,NR,Y15-64,T,FR,2017,41700220,
ESTAT:DEMO_PJANBROAD(1.0),03/07/23 23:00:00,A,NR,Y15-64,T,FR,2018,41673984,p
ESTAT:DEMO_PJANBROAD(1.0),03/07/23 23:00:00,A,NR,Y15-64,T,FR,2019,41609769,p
ESTAT:DEMO_PJANBROAD(1.0),03/07/23 23:00:00,A,NR,Y15-64,T,FR,2020,41540787,p
ESTAT:DEMO_PJANBROAD(1.0),03/07/23 23:00:00,A,NR,Y15-64,T,FR,2021,41700737,p
ESTAT:DEMO_PJANBROAD(1.0),03/07/23 23:00:00,A,NR,Y15-64,T,FR,2022,41768905,p
ESTAT:DEMO_PJANBROAD(1.0),03/07/23 23:00:00,A,NR,Y15-64,T,HR,2001,2879561,
ESTAT:DEMO_PJANBROAD(1.0),03/07/23 23:00:00,A,NR,Y15-64,T,HR,2002,2879911,
ESTAT:DEMO_PJANBROAD(1.0),03/07/23 23:00:00,A,NR,Y15-64,T,HR,2003,2874756,
ESTAT:DEMO_PJANBROAD(1.0),03/07/23 23:00:00,A,NR,Y15-64,T,HR,2004,2875455,
ESTAT:DEMO_PJANBROAD(1.0),03/07/23 23:00:00,A,NR,Y15-64,T,HR,2005,2877177.0,
ESTAT:DEMO_PJANBROAD(1.0),03/07/23 23:00:00,A,NR,Y15-64,T,HR,2006,2876255.0,
ESTAT:DEMO_PJANBROAD(1.0),03/07/23 23:00:00,A,NR,Y15-64,T,HR,2007,2879008.0,
ESTAT:DEMO_PJANBROAD(1.0),03/07/23 23:00:00,A,NR,Y15-64,T,HR,2008,2875029.0,
ESTAT:DEMO_PJANBROAD(1.0),03/07/23 23:00:00,A,NR,Y15-64,T,HR,2009,2874829.0,
ESTAT:DEMO_PJANBROAD(1.0),03/07/23 23:00:00,A,NR,Y15-64,T,HR,2010,2874575.0,
ESTAT:DEMO_PJANBROAD(1.0),03/07/23 23:00:00,A,NR,Y15-64,T,HR,2011,2874289,
ESTAT:DEMO_PJANBROAD(1.0),03/07/23 23:00:00,A,NR,Y15-64,T,HR,2012,2865462,
ESTAT:DEMO_PJANBROAD(1.0),03/07/23 23:00:00,A,NR,Y15-64,T,HR,2013,2852460,
ESTAT:DEMO_PJANBROAD(1.0),03/07/23 23:00:00,A,NR,Y15-64,T,HR,2014,2836487,
ESTAT:DEMO_PJANBROAD(1.0),03/07/23 23:00:00,A,NR,Y15-64,T,HR,2015,2809119,
ESTAT:DEMO_PJANBROAD(1.0),03/07/23 23:00:00,A,NR,Y15-64,T,HR,2016,2774312,
ESTAT:DEMO_PJANBROAD(1.0),03/07/23 23:00:00,A,NR,Y15-64,T,HR,2017,2736501,
ESTAT:DEMO_PJANBROAD(1.0),03/07/23 23:00:00,A,NR,Y15-64,T,HR,2018,2685739,
ESTAT:DEMO_PJANBROAD(1.0),03/07/23 23:00:00,A,NR,Y15-64,T,HR,2019,2649861,
ESTAT:DEMO_PJANBROAD(1.0),03/07/23 23:00:00,A,NR,Y15-64,T,HR,2020,2622910,
ESTAT:DEMO_PJANBROAD(1.0),03/07/23 23:00:00,A,NR,Y15-64,T,HR,2021,2596621,
ESTAT:DEMO_PJANBROAD(1.0),03/07/23 23:00:00,A,NR,Y15-64,T,HR,2022,2441548,b
ESTAT:DEMO_PJANBROAD(1.0),03/07/23 23:00:00,A,NR,Y15-64,T,IE,1994,2271358,
ESTAT:DEMO_PJANBROAD(1.0),03/07/23 23:00:00,A,NR,Y15-64,T,IE,1995,2303739,
ESTAT:DEMO_PJANBROAD(1.0),03/07/23 23:00:00,A,NR,Y15-64,T,IE,1996,2342670,
ESTAT:DEMO_PJANBROAD(1.0),03/07/23 23:00:00,A,NR,Y15-64,T,IE,1997,2389845,
ESTAT:DEMO_PJANBROAD(1.0),03/07/23 23:00:00,A,NR,Y15-64,T,IE,1998,2435817,
ESTAT:DEMO_PJANBROAD(1.0),03/07/23 23:00:00,A,NR,Y15-64,T,IE,1999,2478626,
ESTAT:DEMO_PJANBROAD(1.0),03/07/23 23:00:00,A,NR,Y15-64,T,IE,2000,2524924,
ESTAT:DEMO_PJANBROAD(1.0),03/07/23 23:00:00,A,NR,Y15-64,T,IE,2001,2576593,
ESTAT:DEMO_PJANBROAD(1.0),03/07/23 23:00:00,A,NR,Y15-64,T,IE,2002,2637791,
ESTAT:DEMO_PJANBROAD(1.0),03/07/23 23:00:00,A,NR,Y15-64,T,IE,2003,2690896,
ESTAT:DEMO_PJANBROAD(1.0),03/07/23 23:00:00,A,NR,Y15-64,T,IE,2004,2739580,
ESTAT:DEMO_PJANBROAD(1.0),03/07/23 23:00:00,A,NR,Y15-64,T,IE,2005,2804027.0,
ESTAT:DEMO_PJANBROAD(1.0),03/07/23 23:00:00,A,NR,Y15-64,T,IE,2006,2884499.0,
ESTAT:DEMO_PJANBROAD(1.0),03/07/23 23:00:00,A,NR,Y15-64,T,IE,2007,2991859.0,
ESTAT:DEMO_PJANBROAD(1.0),03/07/23 23:00:00,A,NR,Y15-64,T,IE,2008,3069974.0,
ESTAT:DEMO_PJANBROAD(1.0),03/07/23 23:00:00,A,NR,Y15-64,T,IE,2009,3094398.0,
ESTAT:DEMO_PJANBROAD(1.0),03/07/23 23:00:00,A,NR,Y15-64,T,IE,2010,3085837.0,
ESTAT:DEMO_PJANBROAD(1.0),03/07/23 23:00:00,A,NR,Y15-64,T,IE,2011,3071918,
ESTAT:DEMO_PJANBROAD(1.0),03/07/23 23:00:00,A,NR,Y15-64,T,IE,2012,3057937,
ESTAT:DEMO_PJANBROAD(1.0),03/07/23 23:00:00,A,NR,Y15-64,T,IE,2013,3052776,
ESTAT:DEMO_PJANBROAD(1.0),03/07/23 23:00:00,A,NR,Y15-64,T,IE,2014,3056597,
ESTAT:DEMO_PJANBROAD(1.0),03/07/23 23:00:00,A,NR,Y15-64,T,IE,2015,3071360,
ESTAT:DEMO_PJANBROAD(1.0),03/07/23 23:00:00,A,NR,Y15-64,T,IE,2016,3097263,
ESTAT:DEMO_PJANBROAD(1.0),03/07/23 23:00:00,A,NR,Y15-64,T,IE,2017,3129411,
ESTAT:DEMO_PJANBROAD(1.0),03/07/23 23:00:00,A,NR,Y15-64,T,IE,2018,3155296,
ESTAT:DEMO_PJANBROAD(1.0),03/07/23 23:00:00,A,NR,Y15-64,T,IE,2019,3205043,e
ESTAT:DEMO_PJANBROAD(1.0),03/07/23 23:00:00,A,NR,Y15-64,T,IE,2020,3242161,
ESTAT:DEMO_PJANBROAD(1.0),03/07/23 23:00:00,A,NR,Y15-64,T,IE,2021,3266908,
ESTAT:DEMO_PJANBROAD(1.0),03/07/23 23:00:00,A,NR,Y15-64,T,IE,2022,3302115,
ESTAT:DEMO_PJANBROAD(1.0),03/07/23 23:00:00,A,NR,Y15-64,T,IT,1994,39164968,
ESTAT:DEMO_PJANBROAD(1.0),03/07/23 23:00:00,A,NR,Y15-64,T,IT,1995,39081251,
ESTAT:DEMO_PJANBROAD(1.0),03/07/23 23:00:00,A,NR,Y15-64,T,IT,1996,38930547,
ESTAT:DEMO_PJANBROAD(1.0),03/07/23 23:00:00,A,NR,Y15-64,T,IT,1997,38818518,
ESTAT:DEMO_PJANBROAD(1.0),03/07/23 23:00:00,A,NR,Y15-64,T,IT,1998,38719626,
ESTAT:DEMO_PJANBROAD(1.0),03/07/23 23:00:00,A,NR,Y15-64,T,IT,1999,38598197,
ESTAT:DEMO_PJANBROAD(1.0),03/07/23 23:00:00,A,NR,Y15-64,T,IT,2000,38468503,
ESTAT:DEMO_PJANBROAD(1.0),03/07/23 23:00:00,A,NR,Y15-64,T,IT,2001,38341540,
ESTAT:DEMO_PJANBROAD(1.0),03/07/23 23:00:00,A,NR,Y15-64,T,IT,2002,38229154,
ESTAT:DEMO_PJANBROAD(1.0),03/07/23 23:00:00,A,NR,Y15-64,T,IT,2003,38159625,
ESTAT:DEMO_PJANBROAD(1.0),03/07/23 23:00:00,A,NR,Y15-64,T,IT,2004,38312665,
ESTAT:DEMO_PJANBROAD(1.0),03/07/23 23:00:00,A,NR,Y15-64,T,IT,2005,38396908.0,
ESTAT:DEMO_PJANBROAD(1.0),03/07/23 23:00:00,A,NR,Y15-64,T,IT,2006,38334879.0,
ESTAT:DEMO_PJANBROAD(1.0),03/07/23 23:00:00,A,NR,Y15-64,T,IT,2007,38307428.0,
ESTAT:DEMO_PJANBROAD(1.0),03/07/23 23:00:00,A,NR,Y15-64,T,IT,2008,38552645.0,
ESTAT:DEMO_PJANBROAD(1.0),03/07/23 23:00:00,A,NR,Y15-64,T,IT,2009,38714573.0,
ESTAT:DEMO_PJANBROAD(1.0),03/07/23 23:00:00,A,NR,Y15-64,T,IT,2010,38763626.0,
ESTAT:DEMO_PJANBROAD(1.0),03/07/23 23:00:00,A,NR,Y15-64,T,IT,2011,38841198,
ESTAT:DEMO_PJANBROAD(1.0),03/07/23 23:00:00,A,NR,Y15-64,T,IT,2012,38698168,
ESTAT:DEMO_PJANBROAD(1.0),03/07/23 23:00:00,A,NR,Y15-64,T,IT,2013,38697060,
ESTAT:DEMO_PJANBROAD(1.0),03/07/23 23:00:00,A,NR,Y15-64,T,IT,2014,39319593,
ESTAT:DEMO_PJANBROAD(1.0),03/07/23 23:00:00,A,NR,Y15-64,T,IT,2015,39193416,
ESTAT:DEMO_PJANBROAD(1.0),03/07/23 23:00:00,A,NR,Y15-64,T,IT,2016,39013938,
ESTAT:DEMO_PJANBROAD(1.0),03/07/23 23:00:00,A,NR,Y15-64,T,IT,2017,38878311,
ESTAT:DEMO_PJANBROAD(1.0),03/07/23 23:00:00,A,NR,Y15-64,T,IT,2018,38759434,
ESTAT:DEMO_PJANBROAD(1.0),03/07/23 23:00:00,A,NR,Y15-64,T,IT,2019,38251571,b
ESTAT:DEMO_PJANBROAD(1.0),03/07/23 23:00:00,A,NR,Y15-64,T,IT,2020,38054844,
ESTAT:DEMO_PJANBROAD(1.0),03/07/23 23:00:00,A,NR,Y15-64,T,IT,2021,37658137,
ESTAT:DEMO_PJANBROAD(1.0),03/07/23 23:00:00,A,NR,Y15-64,T,IT,2022,37488934,
ESTAT:DEMO_PJANBROAD(1.0),03/07/23 23:00:00,A,NR,Y15-64,T,LT,1994,2420160,
ESTAT:DEMO_PJANBROAD(1.0),03/07/23 23:00:00,A,NR,Y15-64,T,LT,1995,2401512,
ESTAT:DEMO_PJANBROAD(1.0),03/07/23 23:00:00,A,NR,Y15-64,T,LT,1996,2380613,
ESTAT:DEMO_PJANBROAD(1.0),03/07/23 23:00:00,A,NR,Y15-64,T,LT,1997,2361462,
ESTAT:DEMO_PJANBROAD(1.0),03/07/23 23:00:00,A,NR,Y15-64,T,LT,1998,2342994,
ESTAT:DEMO_PJANBROAD(1.0),03/07/23 23:00:00,A,NR,Y15-64,T,LT,1999,2329191,
ESTAT:DEMO_PJANBROAD(1.0),03/07/23 23:00:00,A,NR,Y15-64,T,LT,2000,2319462,
ESTAT:DEMO_PJANBROAD(1.0),03/07/23 23:00:00,A,NR,Y15-64,T,LT,2001,2315424,
ESTAT:DEMO_PJANBROAD(1.0),03/07/23 23:00:00,A,NR,Y15-64,T,LT,2002,2298810,
ESTAT:DEMO_PJANBROAD(1.0),03/07/23 23:00:00,A,NR,Y15-64,T,LT,2003,2293882,
ESTAT:DEMO_PJANBROAD(1.0),03/07/23 23:00:00,A,NR,Y15-64,T,LT,2004,2275859,
ESTAT:DEMO_PJANBROAD(1.0),03/07/23 23:00:00,A,NR,Y15-64,T,LT,2005,2250477.0,
ESTAT:DEMO_PJANBROAD(1.0),03/07/23 23:00:00,A,NR,Y15-64,T,LT,2006,2208939.0,
ESTAT:DEMO_PJANBROAD(1.0),03/07/23 23:00:00,A,NR,Y15-64,T,LT,2007,2188192.0,
ESTAT:DEMO_PJANBROAD(1.0),03/07/23 23:00:00,A,NR,Y15-64,T,LT,2008,2169097.0,
ESTAT:DEMO_PJANBROAD(1.0),03/07/23 23:00:00,A,NR,Y15-64,T,LT,2009,2154431.0,
ESTAT:DEMO_PJANBROAD(1.0),03/07/23 23:00:00,A,NR,Y15-64,T,LT,2010,2127043.0,
ESTAT:DEMO_PJANBROAD(1.0),03/07/23 23:00:00,A,NR,Y15-64,T,LT,2011,2052863,
ESTAT:DEMO_PJANBROAD(1.0),03/07/23 23:00:00,A,NR,Y15-64,T,LT,2012,2016247,
ESTAT:DEMO_PJANBROAD(1.0),03/07/23 23:00:00,A,NR,Y15-64,T,LT,2013,1993131,
ESTAT:DEMO_PJANBROAD(1.0),03/07/23 23:00:00,A,NR,Y15-64,T,LT,2014,1970645,
ESTAT:DEMO_PJANBROAD(1.0),03/07/23 23:00:00,A,NR,Y15-64,T,LT,2015,1948685,
ESTAT:DEMO_PJANBROAD(1.0),03/07/23 23:00:00,A,NR,Y15-64,T,LT,2016,1916284,
ESTAT:DEMO_PJANBROAD(1.0),03/07/23 23:00:00,A,NR,Y15-64,T,LT,2017,1875585,
ESTAT:DEMO_PJANBROAD(1.0),03/07/23 23:00:00,A,NR,Y15-64,T,LT,2018,1835667,
ESTAT:DEMO_PJANBROAD(1.0),03/07/23 23:00:00,A,NR,Y15-64,T,LT,2019,1819954,
ESTAT:DEMO_PJANBROAD(1.0),03/07/23 23:00:00,A,NR,Y15-64,T,LT,2020,1815370,
ESTAT:DEMO_PJANBROAD(1.0),03/07/23 23:00:00,A,NR,Y15-64,T,LT,2021,1816264,
ESTAT:DEMO_PJANBROAD(1.0),03/07/23 23:00:00,A,NR,Y15-64,T,LT,2022,1827984,
ESTAT:DEMO_PJANBROAD(1.0),03/07/23 23:00:00,A,NR,Y15-64,T,LU,1994,272506,
ESTAT:DEMO_PJANBROAD(1.0),03/07/23 23:00:00,A,NR,Y15-64,T,LU,1995,274768,
ESTAT:DEMO_PJANBROAD(1.0),03/07/23 23:00:00,A,NR,Y15-64,T,LU,1996,277558,
ESTAT:DEMO_PJANBROAD(1.0),03/07/23 23:00:00,A,NR,Y15-64,T,LU,1997,280132,
ESTAT:DEMO_PJANBROAD(1.0),03/07/23 23:00:00,A,NR,Y15-64,T,LU,1998,282899,
ESTAT:DEMO_PJANBROAD(1.0),03/07/23 23:00:00,A,NR,Y15-64,T,LU,1999,285858,
ESTAT:DEMO_PJANBROAD(1.0),03/07/23 23:00:00,A,NR,Y15-64,T,LU,2000,289608,
ESTAT:DEMO_PJANBROAD(1.0),03/07/23 23:00:00,A,NR,Y15-64,T,LU,2001,294943,
ESTAT:DEMO_PJANBROAD(1.0),03/07/23 23:00:00,A,NR,Y15-64,T,LU,2002,298177,
ESTAT:DEMO_PJANBROAD(1.0),03/07/23 23:00:00,A,NR,Y15-64,T,LU,2003,300955,
ESTAT:DEMO_PJANBROAD(1.0),03/07/23 23:00:00,A,NR,Y15-64,T,LU,2004,306160,
ESTAT:DEMO_PJANBROAD(1.0),03/07/23 23:00:00,A,NR,Y15-64,T,LU,2005,310444.0,
ESTAT:DEMO_PJANBROAD(1.0),03/07/23 23:00:00,A,NR,Y15-64,T,LU,2006,316577.0,
ESTAT:DEMO_PJANBROAD(1.0),03/07/23 23:00:00,A,NR,Y15-64,T,LU,2007,322085.0,
ESTAT:DEMO_PJANBROAD(1.0),03/07/23 23:00:00,A,NR,Y15-64,T,LU,2008,328287.0,
ESTAT:DEMO_PJANBROAD(1.0),03/07/23 23:00:00,A,NR,Y15-64,T,LU,2009,336015.0,
ESTAT:DEMO_PJANBROAD(1.0),03/07/23 23:00:00,A,NR,Y15-64,T,LU,2010,342909.0,
ESTAT:DEMO_PJANBROAD(1.0),03/07/23 23:00:00,A,NR,Y15-64,T,LU,2011,350713,
ESTAT:DEMO_PJANBROAD(1.0),03/07/23 23:00:00,A,NR,Y15-64,T,LU,2012,361617,
ESTAT:DEMO_PJANBROAD(1.0),03/07/23 23:00:00,A,NR,Y15-64,T,LU,2013,370749,
ESTAT:DEMO_PJANBROAD(1.0),03/07/23 23:00:00,A,NR,Y15-64,T,LU,2014,379752,
ESTAT:DEMO_PJANBROAD(1.0),03/07/23 23:00:00,A,NR,Y15-64,T,LU,2015,389371,
ESTAT:DEMO_PJANBROAD(1.0),03/07/23 23:00:00,A,NR,Y15-64,T,LU,2016,399401,
ESTAT:DEMO_PJANBROAD(1.0),03/07/23 23:00:00,A,NR,Y15-64,T,LU,2017,410613,b
ESTAT:DEMO_PJANBROAD(1.0),03/07/23 23:00:00,A,NR,Y15-64,T,LU,2018,418675,
ESTAT:DEMO_PJANBROAD(1.0),03/07/23 23:00:00,A,NR,Y15-64,T,LU,2019,426959,
ESTAT:DEMO_PJANBROAD(1.0),03/07/23 23:00:00,A,NR,Y15-64,T,LU,2020,435244,
ESTAT:DEMO_PJANBROAD(1.0),03/07/23 23:00:00,A,NR,Y15-64,T,LU,2021,440598,
ESTAT:DEMO_PJANBROAD(1.0),03/07/23 23:00:00,A,NR,Y15-64,T,LU,2022,447525,
ESTAT:DEMO_PJANBROAD(1.0),03/07/23 23:00:00,A,NR,Y15-64,T,LV,1994,1669631,
ESTAT:DEMO_PJANBROAD(1.0),03/07/23 23:00:00,A,NR,Y15-64,T,LV,1995,1642408,
ESTAT:DEMO_PJANBROAD(1.0),03/07/23 23:00:00,A,NR,Y15-64,T,LV,1996,1623713,
ESTAT:DEMO_PJANBROAD(1.0),03/07/23 23:00:00,A,NR,Y15-64,T,LV,1997,1611402,
ESTAT:DEMO_PJANBROAD(1.0),03/07/23 23:00:00,A,NR,Y15-64,T,LV,1998,1601584,
ESTAT:DEMO_PJANBROAD(1.0),03/07/23 23:00:00,A,NR,Y15-64,T,LV,1999,1599590,
ESTAT:DEMO_PJANBROAD(1.0),03/07/23 23:00:00,A,NR,Y15-64,T,LV,2000,1600317,
ESTAT:DEMO_PJANBROAD(1.0),03/07/23 23:00:00,A,NR,Y15-64,T,LV,2001,1589528,
ESTAT:DEMO_PJANBROAD(1.0),03/07/23 23:00:00,A,NR,Y15-64,T,LV,2002,1575125,
ESTAT:DEMO_PJANBROAD(1.0),03/07/23 23:00:00,A,NR,Y15-64,T,LV,2003,1565880,
ESTAT:DEMO_PJANBROAD(1.0),03/07/23 23:00:00,A,NR,Y15-64,T,LV,2004,1554128,
ESTAT:DEMO_PJANBROAD(1.0),03/07/23 23:00:00,A,NR,Y15-64,T,LV,2005,1538628.0,
ESTAT:DEMO_PJANBROAD(1.0),03/07/23 23:00:00,A,NR,Y15-64,T,LV,2006,1525552.0,
ESTAT:DEMO_PJANBROAD(1.0),03/07/23 23:00:00,A,NR,Y15-64,T,LV,2007,1510810.0,
ESTAT:DEMO_PJANBROAD(1.0),03/07/23 23:00:00,A,NR,Y15-64,T,LV,2008,1499061.0,
ESTAT:DEMO_PJANBROAD(1.0),03/07/23 23:00:00,A,NR,Y15-64,T,LV,2009,1472780.0,
ESTAT:DEMO_PJANBROAD(1.0),03/07/23 23:00:00,A,NR,Y15-64,T,LV,2010,1436033.0,
ESTAT:DEMO_PJANBROAD(1.0),03/07/23 23:00:00,A,NR,Y15-64,T,LV,2011,1398922,
ESTAT:DEMO_PJANBROAD(1.0),03/07/23 23:00:00,A,NR,Y15-64,T,LV,2012,1373105,
ESTAT:DEMO_PJANBROAD(1.0),03/07/23 23:00:00,A,NR,Y15-64,T,LV,2013,1351725,
ESTAT:DEMO_PJANBROAD(1.0),03/07/23 23:00:00,A,NR,Y15-64,T,LV,2014,1325469,
ESTAT:DEMO_PJANBROAD(1.0),03/07/23 23:00:00,A,NR,Y15-64,T,LV,2015,1303300,
ESTAT:DEMO_PJANBROAD(1.0),03/07/23 23:00:00,A,NR,Y15-64,T,LV,2016,1282112,
ESTAT:DEMO_PJANBROAD(1.0),03/07/23 23:00:00,A,NR,Y15-64,T,LV,2017,1258620,
ESTAT:DEMO_PJANBROAD(1.0),03/07/23 23:00:00,A,NR,Y15-64,T,LV,2018,1240232,
ESTAT:DEMO_PJANBROAD(1.0),03/07/23 23:00:00,A,NR,Y15-64,T,LV,2019,1225909,
ESTAT:DEMO_PJANBROAD(1.0),03/07/23 23:00:00,A,NR,Y15-64,T,LV,2020,1211074,
ESTAT:DEMO_PJANBROAD(1.0),03/07/23 23:00:00,A,NR,Y15-64,T,LV,2021,1196547,
ESTAT:DEMO_PJANBROAD(1.0),03/07/23 23:00:00,A,NR,Y15-64,T,LV,2022,1184142,
ESTAT:DEMO_PJANBROAD(1.0),03/07/23 23:00:00,A,NR,Y15-64,T,MT,1994,244558,
ESTAT:DEMO_PJANBROAD(1.0),03/07/23 23:00:00,A,NR,Y15-64,T,MT,1995,247792,
ESTAT:DEMO_PJANBROAD(1.0),03/07/23 23:00:00,A,NR,Y15-64,T,MT,1996,250395,
ESTAT:DEMO_PJANBROAD(1.0),03/07/23 23:00:00,A,NR,Y15-64,T,MT,1997,249378,
ESTAT:DEMO_PJANBROAD(1.0),03/07/23 23:00:00,A,NR,Y15-64,T,MT,1998,252055,
ESTAT:DEMO_PJANBROAD(1.0),03/07/23 23:00:00,A,NR,Y15-64,T,MT,1999,254451,
ESTAT:DEMO_PJANBROAD(1.0),03/07/23 23:00:00,A,NR,Y15-64,T,MT,2000,256692,
ESTAT:DEMO_PJANBROAD(1.0),03/07/23 23:00:00,A,NR,Y15-64,T,MT,2001,265864,
ESTAT:DEMO_PJANBROAD(1.0),03/07/23 23:00:00,A,NR,Y15-64,T,MT,2002,268968,
ESTAT:DEMO_PJANBROAD(1.0),03/07/23 23:00:00,A,NR,Y15-64,T,MT,2003,271954,
ESTAT:DEMO_PJANBROAD(1.0),03/07/23 23:00:00,A,NR,Y15-64,T,MT,2004,274860,
ESTAT:DEMO_PJANBROAD(1.0),03/07/23 23:00:00,A,NR,Y15-64,T,MT,2005,278039.0,
ESTAT:DEMO_PJANBROAD(1.0),03/07/23 23:00:00,A,NR,Y15-64,T,MT,2006,279934.0,
ESTAT:DEMO_PJANBROAD(1.0),03/07/23 23:00:00,A,NR,Y15-64,T,MT,2007,282076.0,
ESTAT:DEMO_PJANBROAD(1.0),03/07/23 23:00:00,A,NR,Y15-64,T,MT,2008,285543.0,
ESTAT:DEMO_PJANBROAD(1.0),03/07/23 23:00:00,A,NR,Y15-64,T,MT,2009,288201.0,
ESTAT:DEMO_PJANBROAD(1.0),03/07/23 23:00:00,A,NR,Y15-64,T,MT,2010,288971.0,
ESTAT:DEMO_PJANBROAD(1.0),03/07/23 23:00:00,A,NR,Y15-64,T,MT,2011,287586,
ESTAT:DEMO_PJANBROAD(1.0),03/07/23 23:00:00,A,NR,Y15-64,T,MT,2012,287233,
ESTAT:DEMO_PJANBROAD(1.0),03/07/23 23:00:00,A,NR,Y15-64,T,MT,2013,288772,
ESTAT:DEMO_PJANBROAD(1.0),03/07/23 23:00:00,A,NR,Y15-64,T,MT,2014,291470,
ESTAT:DEMO_PJANBROAD(1.0),03/07/23 23:00:00,A,NR,Y15-64,T,MT,2015,297052,
ESTAT:DEMO_PJANBROAD(1.0),03/07/23 23:00:00,A,NR,Y15-64,T,MT,2016,303273,
ESTAT:DEMO_PJANBROAD(1.0),03/07/23 23:00:00,A,NR,Y15-64,T,MT,2017,308634,
ESTAT:DEMO_PJANBROAD(1.0),03/07/23 23:00:00,A,NR,Y15-64,T,MT,2018,319955,
ESTAT:DEMO_PJANBROAD(1.0),03/07/23 23:00:00,A,NR,Y15-64,T,MT,2019,333875,
ESTAT:DEMO_PJANBROAD(1.0),03/07/23 23:00:00,A,NR,Y15-64,T,MT,2020,350356,
ESTAT:DEMO_PJANBROAD(1.0),03/07/23 23:00:00,A,NR,Y15-64,T,MT,2021,349370,
ESTAT:DEMO_PJANBROAD(1.0),03/07/23 23:00:00,A,NR,Y15-64,T,MT,2022,350907,p
ESTAT:DEMO_PJANBROAD(1.0),03/07/23 23:00:00,A,NR,Y15-64,T,PT,1994,6692136,
ESTAT:DEMO_PJANBROAD(1.0),03/07/23 23:00:00,A,NR,Y15-64,T,PT,1995,6730554,
ESTAT:DEMO_PJANBROAD(1.0),03/07/23 23:00:00,A,NR,Y15-64,T,PT,1996,6766666,
ESTAT:DEMO_PJANBROAD(1.0),03/07/23 23:00:00,A,NR,Y15-64,T,PT,1997,6801726,
ESTAT:DEMO_PJANBROAD(1.0),03/07/23 23:00:00,A,NR,Y15-64,T,PT,1998,6837989,
ESTAT:DEMO_PJANBROAD(1.0),03/07/23 23:00:00,A,NR,Y15-64,T,PT,1999,6873721,
ESTAT:DEMO_PJANBROAD(1.0),03/07/23 23:00:00,A,NR,Y15-64,T,PT,2000,6914880,
ESTAT:DEMO_PJANBROAD(1.0),03/07/23 23:00:00,A,NR,Y15-64,T,PT,2001,6963754,
ESTAT:DEMO_PJANBROAD(1.0),03/07/23 23:00:00,A,NR,Y15-64,T,PT,2002,6992760,
ESTAT:DEMO_PJANBROAD(1.0),03/07/23 23:00:00,A,NR,Y15-64,T,PT,2003,7012599,
ESTAT:DEMO_PJANBROAD(1.0),03/07/23 23:00:00,A,NR,Y15-64,T,PT,2004,7018275,
ESTAT:DEMO_PJANBROAD(1.0),03/07/23 23:00:00,A,NR,Y15-64,T,PT,2005,7015481.0,
ESTAT:DEMO_PJANBROAD(1.0),03/07/23 23:00:00,A,NR,Y15-64,T,PT,2006,7018372.0,
ESTAT:DEMO_PJANBROAD(1.0),03/07/23 23:00:00,A,NR,Y15-64,T,PT,2007,7027921.0,
ESTAT:DEMO_PJANBROAD(1.0),03/07/23 23:00:00,A,NR,Y15-64,T,PT,2008,7039144.0,
ESTAT:DEMO_PJANBROAD(1.0),03/07/23 23:00:00,A,NR,Y15-64,T,PT,2009,7033726.0,
ESTAT:DEMO_PJANBROAD(1.0),03/07/23 23:00:00,A,NR,Y15-64,T,PT,2010,7025090.0,
ESTAT:DEMO_PJANBROAD(1.0),03/07/23 23:00:00,A,NR,Y15-64,T,PT,2011,7001126,
ESTAT:DEMO_PJANBROAD(1.0),03/07/23 23:00:00,A,NR,Y15-64,T,PT,2012,6961852,
ESTAT:DEMO_PJANBROAD(1.0),03/07/23 23:00:00,A,NR,Y15-64,T,PT,2013,6904482,
ESTAT:DEMO_PJANBROAD(1.0),03/07/23 23:00:00,A,NR,Y15-64,T,PT,2014,6835604,
ESTAT:DEMO_PJANBROAD(1.0),03/07/23 23:00:00,A,NR,Y15-64,T,PT,2015,6779414,
ESTAT:DEMO_PJANBROAD(1.0),03/07/23 23:00:00,A,NR,Y15-64,T,PT,2016,6739674,
ESTAT:DEMO_PJANBROAD(1.0),03/07/23 23:00:00,A,NR,Y15-64,T,PT,2017,6690517,
ESTAT:DEMO_PJANBROAD(1.0),03/07/23 23:00:00,A,NR,Y15-64,T,PT,2018,6653857,
ESTAT:DEMO_PJANBROAD(1.0),03/07/23 23:00:00,A,NR,Y15-64,T,PT,2019,6624826,
ESTAT:DEMO_PJANBROAD(1.0),03/07/23 23:00:00,A,NR,Y15-64,T,PT,2020,6618500,
ESTAT:DEMO_PJANBROAD(1.0),03/07/23 23:00:00,A,NR,Y15-64,T,PT,2021,6605976,
ESTAT:DEMO_PJANBROAD(1.0),03/07/23 23:00:00,A,NR,Y15-64,T,PT,2022,6577416,bp
ESTAT:DEMO_PJANBROAD(1.0),03/07/23 23:00:00,A,NR,Y15-64,T,SI,1994,1376354,
ESTAT:DEMO_PJANBROAD(1.0),03/07/23 23:00:00,A,NR,Y15-64,T,SI,1995,1380754,
ESTAT:DEMO_PJANBROAD(1.0),03/07/23 23:00:00,A,NR,Y15-64,T,SI,1996,1380748,
ESTAT:DEMO_PJANBROAD(1.0),03/07/23 23:00:00,A,NR,Y15-64,T,SI,1997,1383189,
ESTAT:DEMO_PJANBROAD(1.0),03/07/23 23:00:00,A,NR,Y15-64,T,SI,1998,1384429,
ESTAT:DEMO_PJANBROAD(1.0),03/07/23 23:00:00,A,NR,Y15-64,T,SI,1999,1381118,
ESTAT:DEMO_PJANBROAD(1.0),03/07/23 23:00:00,A,NR,Y15-64,T,SI,2000,1391981,
ESTAT:DEMO_PJANBROAD(1.0),03/07/23 23:00:00,A,NR,Y15-64,T,SI,2001,1395282,
ESTAT:DEMO_PJANBROAD(1.0),03/07/23 23:00:00,A,NR,Y15-64,T,SI,2002,1398757,
ESTAT:DEMO_PJANBROAD(1.0),03/07/23 23:00:00,A,NR,Y15-64,T,SI,2003,1401260,
ESTAT:DEMO_PJANBROAD(1.0),03/07/23 23:00:00,A,NR,Y15-64,T,SI,2004,1404768,
ESTAT:DEMO_PJANBROAD(1.0),03/07/23 23:00:00,A,NR,Y15-64,T,SI,2005,1404428.0,
ESTAT:DEMO_PJANBROAD(1.0),03/07/23 23:00:00,A,NR,Y15-64,T,SI,2006,1407263.0,
ESTAT:DEMO_PJANBROAD(1.0),03/07/23 23:00:00,A,NR,Y15-64,T,SI,2007,1409667.0,
ESTAT:DEMO_PJANBROAD(1.0),03/07/23 23:00:00,A,NR,Y15-64,T,SI,2008,1402922.0,
ESTAT:DEMO_PJANBROAD(1.0),03/07/23 23:00:00,A,NR,Y15-64,T,SI,2009,1414279.0,
ESTAT:DEMO_PJANBROAD(1.0),03/07/23 23:00:00,A,NR,Y15-64,T,SI,2010,1421436.0,
ESTAT:DEMO_PJANBROAD(1.0),03/07/23 23:00:00,A,NR,Y15-64,T,SI,2011,1420392,
ESTAT:DEMO_PJANBROAD(1.0),03/07/23 23:00:00,A,NR,Y15-64,T,SI,2012,1416347,
ESTAT:DEMO_PJANBROAD(1.0),03/07/23 23:00:00,A,NR,Y15-64,T,SI,2013,1408581,
ESTAT:DEMO_PJANBROAD(1.0),03/07/23 23:00:00,A,NR,Y15-64,T,SI,2014,1399926,
ESTAT:DEMO_PJANBROAD(1.0),03/07/23 23:00:00,A,NR,Y15-64,T,SI,2015,1389178,
ESTAT:DEMO_PJANBROAD(1.0),03/07/23 23:00:00,A,NR,Y15-64,T,SI,2016,1377696,
ESTAT:DEMO_PJANBROAD(1.0),03/07/23 23:00:00,A,NR,Y15-64,T,SI,2017,1366875,
ESTAT:DEMO_PJANBROAD(1.0),03/07/23 23:00:00,A,NR,Y15-64,T,SI,2018,1354941,
ESTAT:DEMO_PJANBROAD(1.0),03/07/23 23:00:00,A,NR,Y15-64,T,SI,2019,1354148,
ESTAT:DEMO_PJANBROAD(1.0),03/07/23 23:00:00,A,NR,Y15-64,T,SI,2020,1356055,
ESTAT:DEMO_PJANBROAD(1.0),03/07/23 23:00:00,A,NR,Y15-64,T,SI,2021,1355531,
ESTAT:DEMO_PJANBROAD(1.0),03/07/23 23:00:00,A,NR,Y15-64,T,SI,2022,1344499,
ESTAT:DEMO_PJANBROAD(1.0),03/07/23 23:00:00,A,NR,Y15-64,T,SK,1994,3511642,
ESTAT:DEMO_PJANBROAD(1.0),03/07/23 23:00:00,A,NR,Y15-64,T,SK,1995,3551743,
ESTAT:DEMO_PJANBROAD(1.0),03/07/23 23:00:00,A,NR,Y15-64,T,SK,1996,3585057,
ESTAT:DEMO_PJANBROAD(1.0),03/07/23 23:00:00,A,NR,Y15-64,T,SK,1997,3617349,
ESTAT:DEMO_PJANBROAD(1.0),03/07/23 23:00:00,A,NR,Y15-64,T,SK,1998,3648628,
ESTAT:DEMO_PJANBROAD(1.0),03/07/23 23:00:00,A,NR,Y15-64,T,SK,1999,3681211,
ESTAT:DEMO_PJANBROAD(1.0),03/07/23 23:00:00,A,NR,Y15-64,T,SK,2000,3714096,
ESTAT:DEMO_PJANBROAD(1.0),03/07/23 23:00:00,A,NR,Y15-64,T,SK,2001,3729389,
ESTAT:DEMO_PJANBROAD(1.0),03/07/23 23:00:00,A,NR,Y15-64,T,SK,2002,3759296,
ESTAT:DEMO_PJANBROAD(1.0),03/07/23 23:00:00,A,NR,Y15-64,T,SK,2003,3783289,
ESTAT:DEMO_PJANBROAD(1.0),03/07/23 23:00:00,A,NR,Y15-64,T,SK,2004,3805873,
ESTAT:DEMO_PJANBROAD(1.0),03/07/23 23:00:00,A,NR,Y15-64,T,SK,2005,3825405.0,
ESTAT:DEMO_PJANBROAD(1.0),03/07/23 23:00:00,A,NR,Y15-64,T,SK,2006,3842165.0,
ESTAT:DEMO_PJANBROAD(1.0),03/07/23 23:00:00,A,NR,Y15-64,T,SK,2007,3857343.0,
ESTAT:DEMO_PJANBROAD(1.0),03/07/23 23:00:00,A,NR,Y15-64,T,SK,2008,3871092.0,
ESTAT:DEMO_PJANBROAD(1.0),03/07/23 23:00:00,A,NR,Y15-64,T,SK,2009,3883528.0,
ESTAT:DEMO_PJANBROAD(1.0),03/07/23 23:00:00,A,NR,Y15-64,T,SK,2010,3884758.0,
ESTAT:DEMO_PJANBROAD(1.0),03/07/23 23:00:00,A,NR,Y15-64,T,SK,2011,3882442,
ESTAT:DEMO_PJANBROAD(1.0),03/07/23 23:00:00,A,NR,Y15-64,T,SK,2012,3881088,
ESTAT:DEMO_PJANBROAD(1.0),03/07/23 23:00:00,A,NR,Y15-64,T,SK,2013,3870038,
ESTAT:DEMO_PJANBROAD(1.0),03/07/23 23:00:00,A,NR,Y15-64,T,SK,2014,3852888,
ESTAT:DEMO_PJANBROAD(1.0),03/07/23 23:00:00,A,NR,Y15-64,T,SK,2015,3834289,
ESTAT:DEMO_PJANBROAD(1.0),03/07/23 23:00:00,A,NR,Y15-64,T,SK,2016,3810273,
ESTAT:DEMO_PJANBROAD(1.0),03/07/23 23:00:00,A,NR,Y15-64,T,SK,2017,3780456,
ESTAT:DEMO_PJANBROAD(1.0),03/07/23 23:00:00,A,NR,Y15-64,T,SK,2018,3748564,
ESTAT:DEMO_PJANBROAD(1.0),03/07/23 23:00:00,A,NR,Y15-64,T,SK,2019,3718060,
ESTAT:DEMO_PJANBROAD(1.0),03/07/23 23:00:00,A,NR,Y15-64,T,SK,2020,3688978,
ESTAT:DEMO_PJANBROAD(1.0),03/07/23 23:00:00,A,NR,Y15-64,T,SK,2021,3659463,
ESTAT:DEMO_PJANBROAD(1.0),03/07/23 23:00:00,A,NR,Y15-64,T,SK,2022,3616958,
