DATAFLOW,LAST UPDATE,freq,unit,na_item,geo,TIME_PERIOD,OBS_VALUE,OBS_FLAG
ESTAT:NAIDA_10_GDP(1.0),11/09/23 23:00:00,A,CP_MEUR,D2X3,AT,1995,21529.4,
ESTAT:NAIDA_10_GDP(1.0),11/09/23 23:00:00,A,CP_MEUR,D2X3,AT,1996,23194.2,
ESTAT:NAIDA_10_GDP(1.0),11/09/23 23:00:00,A,CP_MEUR,D2X3,AT,1997,24131.2,
ESTAT:NAIDA_10_GDP(1.0),11/09/23 23:00:00,A,CP_MEUR,D2X3,AT,1998,24470.2,
ESTAT:NAIDA_10_GDP(1.0),11/09/23 23:00:00,A,CP_MEUR,D2X3,AT,1999,26145.2,
ESTAT:NAIDA_10_GDP(1.0),11/09/23 23:00:00,A,CP_MEUR,D2X3,AT,2000,26710.4,
ESTAT:NAIDA_10_GDP(1.0),11/09/23 23:00:00,A,CP_MEUR,D2X3,AT,2001,27772.2,
ESTAT:NAIDA_10_GDP(1.0),11/09/23 23:00:00,A,CP_MEUR,D2X3,AT,2002,28833.6,
ESTAT:NAIDA_10_GDP(1.0),11/09/23 23:00:00,A,CP_MEUR,D2X3,AT,2003,28680.6,
ESTAT:NAIDA_10_GDP(1.0),11/09/23 23:00:00,A,CP_MEUR,D2X3,AT,2004,29811.1,
ESTAT:NAIDA_10_GDP(1.0),11/09/23 23:00:00,A,CP_MEUR,D2X3,AT,2005,31217.8,
ESTAT:NAIDA_10_GDP(1.0),11/09/23 23:00:00,A,CP_MEUR,D2X3,AT,2006,31998.2,
ESTAT:NAIDA_10_GDP(1.0),11/09/23 23:00:00,A,CP_MEUR,D2X3,AT,2007,34073.2,
ESTAT:NAIDA_10_GDP(1.0),11/09/23 23:00:00,A,CP_MEUR,D2X3,AT,2008,35396.8,
ESTAT:NAIDA_10_GDP(1.0),11/09/23 23:00:00,A,CP_MEUR,D2X3,AT,2009,35518.7,
ESTAT:NAIDA_10_GDP(1.0),11/09/23 23:00:00,A,CP_MEUR,D2X3,AT,2010,36811.3,
ESTAT:NAIDA_10_GDP(1.0),11/09/23 23:00:00,A,CP_MEUR,D2X3,AT,2011,39193.2,
ESTAT:NAIDA_10_GDP(1.0),11/09/23 23:00:00,A,CP_MEUR,D2X3,AT,2012,40839.4,
ESTAT:NAIDA_10_GDP(1.0),11/09/23 23:00:00,A,CP_MEUR,D2X3,AT,2013,41645.6,
ESTAT:NAIDA_10_GDP(1.0),11/09/23 23:00:00,A,CP_MEUR,D2X3,AT,2014,42436.2,
ESTAT:NAIDA_10_GDP(1.0),11/09/23 23:00:00,A,CP_MEUR,D2X3,AT,2015,44653.4,
ESTAT:NAIDA_10_GDP(1.0),11/09/23 23:00:00,A,CP_MEUR,D2X3,AT,2016,45375.8,
ESTAT:NAIDA_10_GDP(1.0),11/09/23 23:00:00,A,CP_MEUR,D2X3,AT,2017,46587.2,
ESTAT:NAIDA_10_GDP(1.0),11/09/23 23:00:00,A,CP_MEUR,D2X3,AT,2018,47143.7,
ESTAT:NAIDA_10_GDP(1.0),11/09/23 23:00:00,A,CP_MEUR,D2X3,AT,2019,48859.4,
ESTAT:NAIDA_10_GDP(1.0),11/09/23 23:00:00,A,CP_MEUR,D2X3,AT,2020,32637.6,
ESTAT:NAIDA_10_GDP(1.0),11/09/23 23:00:00,A,CP_MEUR,D2X3,AT,2021,37411.8,
ESTAT:NAIDA_10_GDP(1.0),11/09/23 23:00:00,A,CP_MEUR,D2X3,AT,2022,50640.9,
ESTAT:NAIDA_10_GDP(1.0),11/09/23 23:00:00,A,CP_MEUR,D2X3,BE,1995,23266.1,
ESTAT:NAIDA_10_GDP(1.0),11/09/23 23:00:00,A,CP_MEUR,D2X3,BE,1996,24026.1,
ESTAT:NAIDA_10_GDP(1.0),11/09/23 23:00:00,A,CP_MEUR,D2X3,BE,1997,25360.5,
ESTAT:NAIDA_10_GDP(1.0),11/09/23 23:00:00,A,CP_MEUR,D2X3,BE,1998,26236.3,
ESTAT:NAIDA_10_GDP(1.0),11/09/23 23:00:00,A,CP_MEUR,D2X3,BE,1999,28113.3,
ESTAT:NAIDA_10_GDP(1.0),11/09/23 23:00:00,A,CP_MEUR,D2X3,BE,2000,29711.8,
ESTAT:NAIDA_10_GDP(1.0),11/09/23 23:00:00,A,CP_MEUR,D2X3,BE,2001,29561.1,
ESTAT:NAIDA_10_GDP(1.0),11/09/23 23:00:00,A,CP_MEUR,D2X3,BE,2002,30643.1,
ESTAT:NAIDA_10_GDP(1.0),11/09/23 23:00:00,A,CP_MEUR,D2X3,BE,2003,31373.2,
ESTAT:NAIDA_10_GDP(1.0),11/09/23 23:00:00,A,CP_MEUR,D2X3,BE,2004,33693.1,
ESTAT:NAIDA_10_GDP(1.0),11/09/23 23:00:00,A,CP_MEUR,D2X3,BE,2005,33785.1,
ESTAT:NAIDA_10_GDP(1.0),11/09/23 23:00:00,A,CP_MEUR,D2X3,BE,2006,34558.7,
ESTAT:NAIDA_10_GDP(1.0),11/09/23 23:00:00,A,CP_MEUR,D2X3,BE,2007,35436.6,
ESTAT:NAIDA_10_GDP(1.0),11/09/23 23:00:00,A,CP_MEUR,D2X3,BE,2008,35544.9,
ESTAT:NAIDA_10_GDP(1.0),11/09/23 23:00:00,A,CP_MEUR,D2X3,BE,2009,34277.5,
ESTAT:NAIDA_10_GDP(1.0),11/09/23 23:00:00,A,CP_MEUR,D2X3,BE,2010,35232.9,
ESTAT:NAIDA_10_GDP(1.0),11/09/23 23:00:00,A,CP_MEUR,D2X3,BE,2011,36131.2,
ESTAT:NAIDA_10_GDP(1.0),11/09/23 23:00:00,A,CP_MEUR,D2X3,BE,2012,38461.2,
ESTAT:NAIDA_10_GDP(1.0),11/09/23 23:00:00,A,CP_MEUR,D2X3,BE,2013,38667.6,
ESTAT:NAIDA_10_GDP(1.0),11/09/23 23:00:00,A,CP_MEUR,D2X3,BE,2014,39164.8,
ESTAT:NAIDA_10_GDP(1.0),11/09/23 23:00:00,A,CP_MEUR,D2X3,BE,2015,40122.6,
ESTAT:NAIDA_10_GDP(1.0),11/09/23 23:00:00,A,CP_MEUR,D2X3,BE,2016,43065.1,
ESTAT:NAIDA_10_GDP(1.0),11/09/23 23:00:00,A,CP_MEUR,D2X3,BE,2017,44748.2,
ESTAT:NAIDA_10_GDP(1.0),11/09/23 23:00:00,A,CP_MEUR,D2X3,BE,2018,46344.0,
ESTAT:NAIDA_10_GDP(1.0),11/09/23 23:00:00,A,CP_MEUR,D2X3,BE,2019,47705.4,
ESTAT:NAIDA_10_GDP(1.0),11/09/23 23:00:00,A,CP_MEUR,D2X3,BE,2020,38667.8,p
ESTAT:NAIDA_10_GDP(1.0),11/09/23 23:00:00,A,CP_MEUR,D2X3,BE,2021,47415.4,p
ESTAT:NAIDA_10_GDP(1.0),11/09/23 23:00:00,A,CP_MEUR,D2X3,BE,2022,51666.9,p
ESTAT:NAIDA_10_GDP(1.0),11/09/23 23:00:00,A,CP_MEUR,D2X3,CY,1995,762.1,
ESTAT:NAIDA_10_GDP(1.0),11/09/23 23:00:00,A,CP_MEUR,D2X3,CY,1996,756.7,
ESTAT:NAIDA_10_GDP(1.0),11/09/23 23:00:00,A,CP_MEUR,D2X3,CY,1997,762.6,
ESTAT:NAIDA_10_GDP(1.0),11/09/23 23:00:00,A,CP_MEUR,D2X3,CY,1998,842.9,
ESTAT:NAIDA_10_GDP(1.0),11/09/23 23:00:00,A,CP_MEUR,D2X3,CY,1999,906.0,
ESTAT:NAIDA_10_GDP(1.0),11/09/23 23:00:00,A,CP_MEUR,D2X3,CY,2000,1102.3,
ESTAT:NAIDA_10_GDP(1.0),11/09/23 23:00:00,A,CP_MEUR,D2X3,CY,2001,1230.3,
ESTAT:NAIDA_10_GDP(1.0),11/09/23 23:00:00,A,CP_MEUR,D2X3,CY,2002,1339.1,
ESTAT:NAIDA_10_GDP(1.0),11/09/23 23:00:00,A,CP_MEUR,D2X3,CY,2003,1695.2,
ESTAT:NAIDA_10_GDP(1.0),11/09/23 23:00:00,A,CP_MEUR,D2X3,CY,2004,1952.8,
ESTAT:NAIDA_10_GDP(1.0),11/09/23 23:00:00,A,CP_MEUR,D2X3,CY,2005,2175.7,
ESTAT:NAIDA_10_GDP(1.0),11/09/23 23:00:00,A,CP_MEUR,D2X3,CY,2006,2458.5,
ESTAT:NAIDA_10_GDP(1.0),11/09/23 23:00:00,A,CP_MEUR,D2X3,CY,2007,2948.0,
ESTAT:NAIDA_10_GDP(1.0),11/09/23 23:00:00,A,CP_MEUR,D2X3,CY,2008,3048.9,
ESTAT:NAIDA_10_GDP(1.0),11/09/23 23:00:00,A,CP_MEUR,D2X3,CY,2009,2588.4,
ESTAT:NAIDA_10_GDP(1.0),11/09/23 23:00:00,A,CP_MEUR,D2X3,CY,2010,2674.5,
ESTAT:NAIDA_10_GDP(1.0),11/09/23 23:00:00,A,CP_MEUR,D2X3,CY,2011,2573.6,
ESTAT:NAIDA_10_GDP(1.0),11/09/23 23:00:00,A,CP_MEUR,D2X3,CY,2012,2563.6,
ESTAT:NAIDA_10_GDP(1.0),11/09/23 23:00:00,A,CP_MEUR,D2X3,CY,2013,2308.8,
ESTAT:NAIDA_10_GDP(1.0),11/09/23 23:00:00,A,CP_MEUR,D2X3,CY,2014,2469.8,
ESTAT:NAIDA_10_GDP(1.0),11/09/23 23:00:00,A,CP_MEUR,D2X3,CY,2015,2501.2,
ESTAT:NAIDA_10_GDP(1.0),11/09/23 23:00:00,A,CP_MEUR,D2X3,CY,2016,2651.7,
ESTAT:NAIDA_10_GDP(1.0),11/09/23 23:00:00,A,CP_MEUR,D2X3,CY,2017,2905.3,
ESTAT:NAIDA_10_GDP(1.0),11/09/23 23:00:00,A,CP_MEUR,D2X3,CY,2018,3132.5,
ESTAT:NAIDA_10_GDP(1.0),11/09/23 23:00:00,A,CP_MEUR,D2X3,CY,2019,3233.3,
ESTAT:NAIDA_10_GDP(1.0),11/09/23 23:00:00,A,CP_MEUR,D2X3,CY,2020,2284.9,
ESTAT:NAIDA_10_GDP(1.0),11/09/23 23:00:00,A,CP_MEUR,D2X3,CY,2021,2788.3,
ESTAT:NAIDA_10_GDP(1.0),11/09/23 23:00:00,A,CP_MEUR,D2X3,CY,2022,3849.3,p
ESTAT:NAIDA_10_GDP(1.0),11/09/23 23:00:00,A,CP_MEUR,D2X3,DE,1995,164158.2,
ESTAT:NAIDA_10_GDP(1.0),11/09/23 23:00:00,A,CP_MEUR,D2X3,DE,1996,162746.8,
ESTAT:NAIDA_10_GDP(1.0),11/09/23 23:00:00,A,CP_MEUR,D2X3,DE,1997,164224.4,
ESTAT:NAIDA_10_GDP(1.0),11/09/23 23:00:00,A,CP_MEUR,D2X3,DE,1998,169725.0,
ESTAT:NAIDA_10_GDP(1.0),11/09/23 23:00:00,A,CP_MEUR,D2X3,DE,1999,185853.0,
ESTAT:NAIDA_10_GDP(1.0),11/09/23 23:00:00,A,CP_MEUR,D2X3,DE,2000,191762.0,
ESTAT:NAIDA_10_GDP(1.0),11/09/23 23:00:00,A,CP_MEUR,D2X3,DE,2001,196450.0,
ESTAT:NAIDA_10_GDP(1.0),11/09/23 23:00:00,A,CP_MEUR,D2X3,DE,2002,199565.0,
ESTAT:NAIDA_10_GDP(1.0),11/09/23 23:00:00,A,CP_MEUR,D2X3,DE,2003,206195.0,
ESTAT:NAIDA_10_GDP(1.0),11/09/23 23:00:00,A,CP_MEUR,D2X3,DE,2004,205952.0,
ESTAT:NAIDA_10_GDP(1.0),11/09/23 23:00:00,A,CP_MEUR,D2X3,DE,2005,209879.0,
ESTAT:NAIDA_10_GDP(1.0),11/09/23 23:00:00,A,CP_MEUR,D2X3,DE,2006,217671.0,
ESTAT:NAIDA_10_GDP(1.0),11/09/23 23:00:00,A,CP_MEUR,D2X3,DE,2007,243868.0,
ESTAT:NAIDA_10_GDP(1.0),11/09/23 23:00:00,A,CP_MEUR,D2X3,DE,2008,249096.0,
ESTAT:NAIDA_10_GDP(1.0),11/09/23 23:00:00,A,CP_MEUR,D2X3,DE,2009,241061.0,
ESTAT:NAIDA_10_GDP(1.0),11/09/23 23:00:00,A,CP_MEUR,D2X3,DE,2010,247241.0,
ESTAT:NAIDA_10_GDP(1.0),11/09/23 23:00:00,A,CP_MEUR,D2X3,DE,2011,267273.0,
ESTAT:NAIDA_10_GDP(1.0),11/09/23 23:00:00,A,CP_MEUR,D2X3,DE,2012,275068.0,
ESTAT:NAIDA_10_GDP(1.0),11/09/23 23:00:00,A,CP_MEUR,D2X3,DE,2013,278696.0,
ESTAT:NAIDA_10_GDP(1.0),11/09/23 23:00:00,A,CP_MEUR,D2X3,DE,2014,287236.0,
ESTAT:NAIDA_10_GDP(1.0),11/09/23 23:00:00,A,CP_MEUR,D2X3,DE,2015,302012.0,
ESTAT:NAIDA_10_GDP(1.0),11/09/23 23:00:00,A,CP_MEUR,D2X3,DE,2016,309679.0,
ESTAT:NAIDA_10_GDP(1.0),11/09/23 23:00:00,A,CP_MEUR,D2X3,DE,2017,320978.0,
ESTAT:NAIDA_10_GDP(1.0),11/09/23 23:00:00,A,CP_MEUR,D2X3,DE,2018,331407.0,
ESTAT:NAIDA_10_GDP(1.0),11/09/23 23:00:00,A,CP_MEUR,D2X3,DE,2019,343315.0,p
ESTAT:NAIDA_10_GDP(1.0),11/09/23 23:00:00,A,CP_MEUR,D2X3,DE,2020,276828.0,p
ESTAT:NAIDA_10_GDP(1.0),11/09/23 23:00:00,A,CP_MEUR,D2X3,DE,2021,286792.0,p
ESTAT:NAIDA_10_GDP(1.0),11/09/23 23:00:00,A,CP_MEUR,D2X3,DE,2022,353955.0,p
ESTAT:NAIDA_10_GDP(1.0),11/09/23 23:00:00,A,CP_MEUR,D2X3,EA19,1995,577757.0,
ESTAT:NAIDA_10_GDP(1.0),11/09/23 23:00:00,A,CP_MEUR,D2X3,EA19,1996,611638.2,
ESTAT:NAIDA_10_GDP(1.0),11/09/23 23:00:00,A,CP_MEUR,D2X3,EA19,1997,642960.2,
ESTAT:NAIDA_10_GDP(1.0),11/09/23 23:00:00,A,CP_MEUR,D2X3,EA19,1998,705645.2,
ESTAT:NAIDA_10_GDP(1.0),11/09/23 23:00:00,A,CP_MEUR,D2X3,EA19,1999,751699.2,
ESTAT:NAIDA_10_GDP(1.0),11/09/23 23:00:00,A,CP_MEUR,D2X3,EA19,2000,782483.5,
ESTAT:NAIDA_10_GDP(1.0),11/09/23 23:00:00,A,CP_MEUR,D2X3,EA19,2001,801946.3,
ESTAT:NAIDA_10_GDP(1.0),11/09/23 23:00:00,A,CP_MEUR,D2X3,EA19,2002,830977.4,
ESTAT:NAIDA_10_GDP(1.0),11/09/23 23:00:00,A,CP_MEUR,D2X3,EA19,2003,858230.3,
ESTAT:NAIDA_10_GDP(1.0),11/09/23 23:00:00,A,CP_MEUR,D2X3,EA19,2004,904705.8,
ESTAT:NAIDA_10_GDP(1.0),11/09/23 23:00:00,A,CP_MEUR,D2X3,EA19,2005,955793.4,
ESTAT:NAIDA_10_GDP(1.0),11/09/23 23:00:00,A,CP_MEUR,D2X3,EA19,2006,1015237.5,
ESTAT:NAIDA_10_GDP(1.0),11/09/23 23:00:00,A,CP_MEUR,D2X3,EA19,2007,1069305.4,
ESTAT:NAIDA_10_GDP(1.0),11/09/23 23:00:00,A,CP_MEUR,D2X3,EA19,2008,1047953.7,
ESTAT:NAIDA_10_GDP(1.0),11/09/23 23:00:00,A,CP_MEUR,D2X3,EA19,2009,974672.8,
ESTAT:NAIDA_10_GDP(1.0),11/09/23 23:00:00,A,CP_MEUR,D2X3,EA19,2010,1024959.3,
ESTAT:NAIDA_10_GDP(1.0),11/09/23 23:00:00,A,CP_MEUR,D2X3,EA19,2011,1075006.4,
ESTAT:NAIDA_10_GDP(1.0),11/09/23 23:00:00,A,CP_MEUR,D2X3,EA19,2012,1111907.2,
ESTAT:NAIDA_10_GDP(1.0),11/09/23 23:00:00,A,CP_MEUR,D2X3,EA19,2013,1128672.9,
ESTAT:NAIDA_10_GDP(1.0),11/09/23 23:00:00,A,CP_MEUR,D2X3,EA19,2014,1160352.8,
ESTAT:NAIDA_10_GDP(1.0),11/09/23 23:00:00,A,CP_MEUR,D2X3,EA19,2015,1199888.8,
ESTAT:NAIDA_10_GDP(1.0),11/09/23 23:00:00,A,CP_MEUR,D2X3,EA19,2016,1225936.6,
ESTAT:NAIDA_10_GDP(1.0),11/09/23 23:00:00,A,CP_MEUR,D2X3,EA19,2017,1281903.5,
ESTAT:NAIDA_10_GDP(1.0),11/09/23 23:00:00,A,CP_MEUR,D2X3,EA19,2018,1326579.1,
ESTAT:NAIDA_10_GDP(1.0),11/09/23 23:00:00,A,CP_MEUR,D2X3,EA19,2019,1373691.7,
ESTAT:NAIDA_10_GDP(1.0),11/09/23 23:00:00,A,CP_MEUR,D2X3,EA19,2020,1139513.1,
ESTAT:NAIDA_10_GDP(1.0),11/09/23 23:00:00,A,CP_MEUR,D2X3,EA19,2021,1264800.5,
ESTAT:NAIDA_10_GDP(1.0),11/09/23 23:00:00,A,CP_MEUR,D2X3,EA19,2022,1427937.9,
ESTAT:NAIDA_10_GDP(1.0),11/09/23 23:00:00,A,CP_MEUR,D2X3,EE,1995,353.2,
ESTAT:NAIDA_10_GDP(1.0),11/09/23 23:00:00,A,CP_MEUR,D2X3,EE,1996,466.2,
ESTAT:NAIDA_10_GDP(1.0),11/09/23 23:00:00,A,CP_MEUR,D2X3,EE,1997,575.3,
ESTAT:NAIDA_10_GDP(1.0),11/09/23 23:00:00,A,CP_MEUR,D2X3,EE,1998,557.6,
ESTAT:NAIDA_10_GDP(1.0),11/09/23 23:00:00,A,CP_MEUR,D2X3,EE,1999,570.8,
ESTAT:NAIDA_10_GDP(1.0),11/09/23 23:00:00,A,CP_MEUR,D2X3,EE,2000,700.5,
ESTAT:NAIDA_10_GDP(1.0),11/09/23 23:00:00,A,CP_MEUR,D2X3,EE,2001,800.5,
ESTAT:NAIDA_10_GDP(1.0),11/09/23 23:00:00,A,CP_MEUR,D2X3,EE,2002,907.5,
ESTAT:NAIDA_10_GDP(1.0),11/09/23 23:00:00,A,CP_MEUR,D2X3,EE,2003,992.5,
ESTAT:NAIDA_10_GDP(1.0),11/09/23 23:00:00,A,CP_MEUR,D2X3,EE,2004,1122.1,
ESTAT:NAIDA_10_GDP(1.0),11/09/23 23:00:00,A,CP_MEUR,D2X3,EE,2005,1293.9,
ESTAT:NAIDA_10_GDP(1.0),11/09/23 23:00:00,A,CP_MEUR,D2X3,EE,2006,1642.0,
ESTAT:NAIDA_10_GDP(1.0),11/09/23 23:00:00,A,CP_MEUR,D2X3,EE,2007,1981.8,
ESTAT:NAIDA_10_GDP(1.0),11/09/23 23:00:00,A,CP_MEUR,D2X3,EE,2008,1773.3,
ESTAT:NAIDA_10_GDP(1.0),11/09/23 23:00:00,A,CP_MEUR,D2X3,EE,2009,1826.5,
ESTAT:NAIDA_10_GDP(1.0),11/09/23 23:00:00,A,CP_MEUR,D2X3,EE,2010,1734.6,
ESTAT:NAIDA_10_GDP(1.0),11/09/23 23:00:00,A,CP_MEUR,D2X3,EE,2011,1945.9,
ESTAT:NAIDA_10_GDP(1.0),11/09/23 23:00:00,A,CP_MEUR,D2X3,EE,2012,2150.4,
ESTAT:NAIDA_10_GDP(1.0),11/09/23 23:00:00,A,CP_MEUR,D2X3,EE,2013,2239.2,
ESTAT:NAIDA_10_GDP(1.0),11/09/23 23:00:00,A,CP_MEUR,D2X3,EE,2014,2514.8,
ESTAT:NAIDA_10_GDP(1.0),11/09/23 23:00:00,A,CP_MEUR,D2X3,EE,2015,2708.9,
ESTAT:NAIDA_10_GDP(1.0),11/09/23 23:00:00,A,CP_MEUR,D2X3,EE,2016,2959.5,
ESTAT:NAIDA_10_GDP(1.0),11/09/23 23:00:00,A,CP_MEUR,D2X3,EE,2017,3101.7,
ESTAT:NAIDA_10_GDP(1.0),11/09/23 23:00:00,A,CP_MEUR,D2X3,EE,2018,3313.5,
ESTAT:NAIDA_10_GDP(1.0),11/09/23 23:00:00,A,CP_MEUR,D2X3,EE,2019,3679.8,
ESTAT:NAIDA_10_GDP(1.0),11/09/23 23:00:00,A,CP_MEUR,D2X3,EE,2020,3009.2,
ESTAT:NAIDA_10_GDP(1.0),11/09/23 23:00:00,A,CP_MEUR,D2X3,EE,2021,3680.9,
ESTAT:NAIDA_10_GDP(1.0),11/09/23 23:00:00,A,CP_MEUR,D2X3,EE,2022,4211.4,
ESTAT:NAIDA_10_GDP(1.0),11/09/23 23:00:00,A,CP_MEUR,D2X3,EL,1995,10034.1,
ESTAT:NAIDA_10_GDP(1.0),11/09/23 23:00:00,A,CP_MEUR,D2X3,EL,1996,11634.3,
ESTAT:NAIDA_10_GDP(1.0),11/09/23 23:00:00,A,CP_MEUR,D2X3,EL,1997,12991.7,
ESTAT:NAIDA_10_GDP(1.0),11/09/23 23:00:00,A,CP_MEUR,D2X3,EL,1998,12904.9,
ESTAT:NAIDA_10_GDP(1.0),11/09/23 23:00:00,A,CP_MEUR,D2X3,EL,1999,15315.5,
ESTAT:NAIDA_10_GDP(1.0),11/09/23 23:00:00,A,CP_MEUR,D2X3,EL,2000,16045.5,
ESTAT:NAIDA_10_GDP(1.0),11/09/23 23:00:00,A,CP_MEUR,D2X3,EL,2001,17316.4,
ESTAT:NAIDA_10_GDP(1.0),11/09/23 23:00:00,A,CP_MEUR,D2X3,EL,2002,18180.7,
ESTAT:NAIDA_10_GDP(1.0),11/09/23 23:00:00,A,CP_MEUR,D2X3,EL,2003,18719.0,
ESTAT:NAIDA_10_GDP(1.0),11/09/23 23:00:00,A,CP_MEUR,D2X3,EL,2004,19482.1,
ESTAT:NAIDA_10_GDP(1.0),11/09/23 23:00:00,A,CP_MEUR,D2X3,EL,2005,20522.6,
ESTAT:NAIDA_10_GDP(1.0),11/09/23 23:00:00,A,CP_MEUR,D2X3,EL,2006,23911.2,
ESTAT:NAIDA_10_GDP(1.0),11/09/23 23:00:00,A,CP_MEUR,D2X3,EL,2007,25940.9,
ESTAT:NAIDA_10_GDP(1.0),11/09/23 23:00:00,A,CP_MEUR,D2X3,EL,2008,27221.1,
ESTAT:NAIDA_10_GDP(1.0),11/09/23 23:00:00,A,CP_MEUR,D2X3,EL,2009,24294.7,
ESTAT:NAIDA_10_GDP(1.0),11/09/23 23:00:00,A,CP_MEUR,D2X3,EL,2010,25259.0,b
ESTAT:NAIDA_10_GDP(1.0),11/09/23 23:00:00,A,CP_MEUR,D2X3,EL,2011,23866.2,
ESTAT:NAIDA_10_GDP(1.0),11/09/23 23:00:00,A,CP_MEUR,D2X3,EL,2012,22280.2,
ESTAT:NAIDA_10_GDP(1.0),11/09/23 23:00:00,A,CP_MEUR,D2X3,EL,2013,21232.2,
ESTAT:NAIDA_10_GDP(1.0),11/09/23 23:00:00,A,CP_MEUR,D2X3,EL,2014,23782.9,
ESTAT:NAIDA_10_GDP(1.0),11/09/23 23:00:00,A,CP_MEUR,D2X3,EL,2015,24332.9,
ESTAT:NAIDA_10_GDP(1.0),11/09/23 23:00:00,A,CP_MEUR,D2X3,EL,2016,26163.6,
ESTAT:NAIDA_10_GDP(1.0),11/09/23 23:00:00,A,CP_MEUR,D2X3,EL,2017,26568.8,
ESTAT:NAIDA_10_GDP(1.0),11/09/23 23:00:00,A,CP_MEUR,D2X3,EL,2018,27500.1,
ESTAT:NAIDA_10_GDP(1.0),11/09/23 23:00:00,A,CP_MEUR,D2X3,EL,2019,27487.2,
ESTAT:NAIDA_10_GDP(1.0),11/09/23 23:00:00,A,CP_MEUR,D2X3,EL,2020,19060.2,p
ESTAT:NAIDA_10_GDP(1.0),11/09/23 23:00:00,A,CP_MEUR,D2X3,EL,2021,19519.7,p
ESTAT:NAIDA_10_GDP(1.0),11/09/23 23:00:00,A,CP_MEUR,D2X3,EL,2022,27140.6,p
ESTAT:NAIDA_10_GDP(1.0),11/09/23 23:00:00,A,CP_MEUR,D2X3,ES,1995,37962.5,
ESTAT:NAIDA_10_GDP(1.0),11/09/23 23:00:00,A,CP_MEUR,D2X3,ES,1996,41587.3,
ESTAT:NAIDA_10_GDP(1.0),11/09/23 23:00:00,A,CP_MEUR,D2X3,ES,1997,44708.2,
ESTAT:NAIDA_10_GDP(1.0),11/09/23 23:00:00,A,CP_MEUR,D2X3,ES,1998,50310.6,
ESTAT:NAIDA_10_GDP(1.0),11/09/23 23:00:00,A,CP_MEUR,D2X3,ES,1999,55975.0,
ESTAT:NAIDA_10_GDP(1.0),11/09/23 23:00:00,A,CP_MEUR,D2X3,ES,2000,61076.0,
ESTAT:NAIDA_10_GDP(1.0),11/09/23 23:00:00,A,CP_MEUR,D2X3,ES,2001,64694.0,
ESTAT:NAIDA_10_GDP(1.0),11/09/23 23:00:00,A,CP_MEUR,D2X3,ES,2002,68858.0,
ESTAT:NAIDA_10_GDP(1.0),11/09/23 23:00:00,A,CP_MEUR,D2X3,ES,2003,76443.0,
ESTAT:NAIDA_10_GDP(1.0),11/09/23 23:00:00,A,CP_MEUR,D2X3,ES,2004,86771.0,
ESTAT:NAIDA_10_GDP(1.0),11/09/23 23:00:00,A,CP_MEUR,D2X3,ES,2005,98264.0,
ESTAT:NAIDA_10_GDP(1.0),11/09/23 23:00:00,A,CP_MEUR,D2X3,ES,2006,108018.0,
ESTAT:NAIDA_10_GDP(1.0),11/09/23 23:00:00,A,CP_MEUR,D2X3,ES,2007,106462.0,
ESTAT:NAIDA_10_GDP(1.0),11/09/23 23:00:00,A,CP_MEUR,D2X3,ES,2008,87725.0,
ESTAT:NAIDA_10_GDP(1.0),11/09/23 23:00:00,A,CP_MEUR,D2X3,ES,2009,68760.0,
ESTAT:NAIDA_10_GDP(1.0),11/09/23 23:00:00,A,CP_MEUR,D2X3,ES,2010,89301.0,
ESTAT:NAIDA_10_GDP(1.0),11/09/23 23:00:00,A,CP_MEUR,D2X3,ES,2011,86132.0,
ESTAT:NAIDA_10_GDP(1.0),11/09/23 23:00:00,A,CP_MEUR,D2X3,ES,2012,91192.0,
ESTAT:NAIDA_10_GDP(1.0),11/09/23 23:00:00,A,CP_MEUR,D2X3,ES,2013,97843.0,
ESTAT:NAIDA_10_GDP(1.0),11/09/23 23:00:00,A,CP_MEUR,D2X3,ES,2014,103248.0,
ESTAT:NAIDA_10_GDP(1.0),11/09/23 23:00:00,A,CP_MEUR,D2X3,ES,2015,112091.0,
ESTAT:NAIDA_10_GDP(1.0),11/09/23 23:00:00,A,CP_MEUR,D2X3,ES,2016,114297.0,
ESTAT:NAIDA_10_GDP(1.0),11/09/23 23:00:00,A,CP_MEUR,D2X3,ES,2017,119778.0,
ESTAT:NAIDA_10_GDP(1.0),11/09/23 23:00:00,A,CP_MEUR,D2X3,ES,2018,126181.0,
ESTAT:NAIDA_10_GDP(1.0),11/09/23 23:00:00,A,CP_MEUR,D2X3,ES,2019,127579.0,
ESTAT:NAIDA_10_GDP(1.0),11/09/23 23:00:00,A,CP_MEUR,D2X3,ES,2020,101938.0,p
ESTAT:NAIDA_10_GDP(1.0),11/09/23 23:00:00,A,CP_MEUR,D2X3,ES,2021,125624.0,p
ESTAT:NAIDA_10_GDP(1.0),11/09/23 23:00:00,A,CP_MEUR,D2X3,ES,2022,131565.0,p
ESTAT:NAIDA_10_GDP(1.0),11/09/23 23:00:00,A,CP_MEUR,D2X3,FI,1995,10924.8,
ESTAT:NAIDA_10_GDP(1.0),11/09/23 23:00:00,A,CP_MEUR,D2X3,FI,1996,11824.8,
ESTAT:NAIDA_10_GDP(1.0),11/09/23 23:00:00,A,CP_MEUR,D2X3,FI,1997,13545.3,
ESTAT:NAIDA_10_GDP(1.0),11/09/23 23:00:00,A,CP_MEUR,D2X3,FI,1998,14292.6,
ESTAT:NAIDA_10_GDP(1.0),11/09/23 23:00:00,A,CP_MEUR,D2X3,FI,1999,15154.0,
ESTAT:NAIDA_10_GDP(1.0),11/09/23 23:00:00,A,CP_MEUR,D2X3,FI,2000,15617.0,
ESTAT:NAIDA_10_GDP(1.0),11/09/23 23:00:00,A,CP_MEUR,D2X3,FI,2001,15925.0,
ESTAT:NAIDA_10_GDP(1.0),11/09/23 23:00:00,A,CP_MEUR,D2X3,FI,2002,16879.0,
ESTAT:NAIDA_10_GDP(1.0),11/09/23 23:00:00,A,CP_MEUR,D2X3,FI,2003,17954.0,
ESTAT:NAIDA_10_GDP(1.0),11/09/23 23:00:00,A,CP_MEUR,D2X3,FI,2004,18212.0,
ESTAT:NAIDA_10_GDP(1.0),11/09/23 23:00:00,A,CP_MEUR,D2X3,FI,2005,19111.0,
ESTAT:NAIDA_10_GDP(1.0),11/09/23 23:00:00,A,CP_MEUR,D2X3,FI,2006,19952.0,
ESTAT:NAIDA_10_GDP(1.0),11/09/23 23:00:00,A,CP_MEUR,D2X3,FI,2007,20707.0,
ESTAT:NAIDA_10_GDP(1.0),11/09/23 23:00:00,A,CP_MEUR,D2X3,FI,2008,20969.0,
ESTAT:NAIDA_10_GDP(1.0),11/09/23 23:00:00,A,CP_MEUR,D2X3,FI,2009,20222.0,
ESTAT:NAIDA_10_GDP(1.0),11/09/23 23:00:00,A,CP_MEUR,D2X3,FI,2010,20944.0,
ESTAT:NAIDA_10_GDP(1.0),11/09/23 23:00:00,A,CP_MEUR,D2X3,FI,2011,23875.0,
ESTAT:NAIDA_10_GDP(1.0),11/09/23 23:00:00,A,CP_MEUR,D2X3,FI,2012,24807.0,
ESTAT:NAIDA_10_GDP(1.0),11/09/23 23:00:00,A,CP_MEUR,D2X3,FI,2013,25989.0,
ESTAT:NAIDA_10_GDP(1.0),11/09/23 23:00:00,A,CP_MEUR,D2X3,FI,2014,26181.0,
ESTAT:NAIDA_10_GDP(1.0),11/09/23 23:00:00,A,CP_MEUR,D2X3,FI,2015,26332.0,
ESTAT:NAIDA_10_GDP(1.0),11/09/23 23:00:00,A,CP_MEUR,D2X3,FI,2016,27855.0,
ESTAT:NAIDA_10_GDP(1.0),11/09/23 23:00:00,A,CP_MEUR,D2X3,FI,2017,28396.0,
ESTAT:NAIDA_10_GDP(1.0),11/09/23 23:00:00,A,CP_MEUR,D2X3,FI,2018,29898.0,
ESTAT:NAIDA_10_GDP(1.0),11/09/23 23:00:00,A,CP_MEUR,D2X3,FI,2019,30670.0,
ESTAT:NAIDA_10_GDP(1.0),11/09/23 23:00:00,A,CP_MEUR,D2X3,FI,2020,28438.0,
ESTAT:NAIDA_10_GDP(1.0),11/09/23 23:00:00,A,CP_MEUR,D2X3,FI,2021,30363.0,
ESTAT:NAIDA_10_GDP(1.0),11/09/23 23:00:00,A,CP_MEUR,D2X3,FI,2022,33167.0,
ESTAT:NAIDA_10_GDP(1.0),11/09/23 23:00:00,A,CP_MEUR,D2X3,FR,1995,166177.4,
ESTAT:NAIDA_10_GDP(1.0),11/09/23 23:00:00,A,CP_MEUR,D2X3,FR,1996,177957.1,
ESTAT:NAIDA_10_GDP(1.0),11/09/23 23:00:00,A,CP_MEUR,D2X3,FR,1997,181409.4,
ESTAT:NAIDA_10_GDP(1.0),11/09/23 23:00:00,A,CP_MEUR,D2X3,FR,1998,188738.1,
ESTAT:NAIDA_10_GDP(1.0),11/09/23 23:00:00,A,CP_MEUR,D2X3,FR,1999,195885.0,
ESTAT:NAIDA_10_GDP(1.0),11/09/23 23:00:00,A,CP_MEUR,D2X3,FR,2000,199317.0,
ESTAT:NAIDA_10_GDP(1.0),11/09/23 23:00:00,A,CP_MEUR,D2X3,FR,2001,199859.0,
ESTAT:NAIDA_10_GDP(1.0),11/09/23 23:00:00,A,CP_MEUR,D2X3,FR,2002,205226.0,
ESTAT:NAIDA_10_GDP(1.0),11/09/23 23:00:00,A,CP_MEUR,D2X3,FR,2003,210212.0,
ESTAT:NAIDA_10_GDP(1.0),11/09/23 23:00:00,A,CP_MEUR,D2X3,FR,2004,225383.0,
ESTAT:NAIDA_10_GDP(1.0),11/09/23 23:00:00,A,CP_MEUR,D2X3,FR,2005,237729.0,
ESTAT:NAIDA_10_GDP(1.0),11/09/23 23:00:00,A,CP_MEUR,D2X3,FR,2006,246930.0,
ESTAT:NAIDA_10_GDP(1.0),11/09/23 23:00:00,A,CP_MEUR,D2X3,FR,2007,255872.0,
ESTAT:NAIDA_10_GDP(1.0),11/09/23 23:00:00,A,CP_MEUR,D2X3,FR,2008,257127.0,
ESTAT:NAIDA_10_GDP(1.0),11/09/23 23:00:00,A,CP_MEUR,D2X3,FR,2009,247476.0,
ESTAT:NAIDA_10_GDP(1.0),11/09/23 23:00:00,A,CP_MEUR,D2X3,FR,2010,250076.0,
ESTAT:NAIDA_10_GDP(1.0),11/09/23 23:00:00,A,CP_MEUR,D2X3,FR,2011,269125.0,
ESTAT:NAIDA_10_GDP(1.0),11/09/23 23:00:00,A,CP_MEUR,D2X3,FR,2012,276569.0,
ESTAT:NAIDA_10_GDP(1.0),11/09/23 23:00:00,A,CP_MEUR,D2X3,FR,2013,285823.0,
ESTAT:NAIDA_10_GDP(1.0),11/09/23 23:00:00,A,CP_MEUR,D2X3,FR,2014,283578.0,
ESTAT:NAIDA_10_GDP(1.0),11/09/23 23:00:00,A,CP_MEUR,D2X3,FR,2015,286155.0,
ESTAT:NAIDA_10_GDP(1.0),11/09/23 23:00:00,A,CP_MEUR,D2X3,FR,2016,295391.0,
ESTAT:NAIDA_10_GDP(1.0),11/09/23 23:00:00,A,CP_MEUR,D2X3,FR,2017,311090.0,
ESTAT:NAIDA_10_GDP(1.0),11/09/23 23:00:00,A,CP_MEUR,D2X3,FR,2018,321542.0,
ESTAT:NAIDA_10_GDP(1.0),11/09/23 23:00:00,A,CP_MEUR,D2X3,FR,2019,336606.0,
ESTAT:NAIDA_10_GDP(1.0),11/09/23 23:00:00,A,CP_MEUR,D2X3,FR,2020,309815.0,
ESTAT:NAIDA_10_GDP(1.0),11/09/23 23:00:00,A,CP_MEUR,D2X3,FR,2021,331434.0,p
ESTAT:NAIDA_10_GDP(1.0),11/09/23 23:00:00,A,CP_MEUR,D2X3,FR,2022,358597.0,p
ESTAT:NAIDA_10_GDP(1.0),11/09/23 23:00:00,A,CP_MEUR,D2X3,HR,1995,3017.4,
ESTAT:NAIDA_10_GDP(1.0),11/09/23 23:00:00,A,CP_MEUR,D2X3,HR,1996,3149.0,
ESTAT:NAIDA_10_GDP(1.0),11/09/23 23:00:00,A,CP_MEUR,D2X3,HR,1997,3433.8,
ESTAT:NAIDA_10_GDP(1.0),11/09/23 23:00:00,A,CP_MEUR,D2X3,HR,1998,3936.4,
ESTAT:NAIDA_10_GDP(1.0),11/09/23 23:00:00,A,CP_MEUR,D2X3,HR,1999,3697.8,
ESTAT:NAIDA_10_GDP(1.0),11/09/23 23:00:00,A,CP_MEUR,D2X3,HR,2000,4062.3,
ESTAT:NAIDA_10_GDP(1.0),11/09/23 23:00:00,A,CP_MEUR,D2X3,HR,2001,4397.7,
ESTAT:NAIDA_10_GDP(1.0),11/09/23 23:00:00,A,CP_MEUR,D2X3,HR,2002,4953.3,
ESTAT:NAIDA_10_GDP(1.0),11/09/23 23:00:00,A,CP_MEUR,D2X3,HR,2003,5224.9,
ESTAT:NAIDA_10_GDP(1.0),11/09/23 23:00:00,A,CP_MEUR,D2X3,HR,2004,5416.9,
ESTAT:NAIDA_10_GDP(1.0),11/09/23 23:00:00,A,CP_MEUR,D2X3,HR,2005,5830.0,
ESTAT:NAIDA_10_GDP(1.0),11/09/23 23:00:00,A,CP_MEUR,D2X3,HR,2006,6432.5,
ESTAT:NAIDA_10_GDP(1.0),11/09/23 23:00:00,A,CP_MEUR,D2X3,HR,2007,6839.1,
ESTAT:NAIDA_10_GDP(1.0),11/09/23 23:00:00,A,CP_MEUR,D2X3,HR,2008,7471.4,
ESTAT:NAIDA_10_GDP(1.0),11/09/23 23:00:00,A,CP_MEUR,D2X3,HR,2009,6632.5,
ESTAT:NAIDA_10_GDP(1.0),11/09/23 23:00:00,A,CP_MEUR,D2X3,HR,2010,6878.3,
ESTAT:NAIDA_10_GDP(1.0),11/09/23 23:00:00,A,CP_MEUR,D2X3,HR,2011,6689.3,
ESTAT:NAIDA_10_GDP(1.0),11/09/23 23:00:00,A,CP_MEUR,D2X3,HR,2012,7047.1,
ESTAT:NAIDA_10_GDP(1.0),11/09/23 23:00:00,A,CP_MEUR,D2X3,HR,2013,7427.2,
ESTAT:NAIDA_10_GDP(1.0),11/09/23 23:00:00,A,CP_MEUR,D2X3,HR,2014,7377.0,
ESTAT:NAIDA_10_GDP(1.0),11/09/23 23:00:00,A,CP_MEUR,D2X3,HR,2015,7724.7,
ESTAT:NAIDA_10_GDP(1.0),11/09/23 23:00:00,A,CP_MEUR,D2X3,HR,2016,8129.3,
ESTAT:NAIDA_10_GDP(1.0),11/09/23 23:00:00,A,CP_MEUR,D2X3,HR,2017,8551.9,
ESTAT:NAIDA_10_GDP(1.0),11/09/23 23:00:00,A,CP_MEUR,D2X3,HR,2018,9177.2,
ESTAT:NAIDA_10_GDP(1.0),11/09/23 23:00:00,A,CP_MEUR,D2X3,HR,2019,9733.2,
ESTAT:NAIDA_10_GDP(1.0),11/09/23 23:00:00,A,CP_MEUR,D2X3,HR,2020,7090.0,
ESTAT:NAIDA_10_GDP(1.0),11/09/23 23:00:00,A,CP_MEUR,D2X3,HR,2021,9155.9,p
ESTAT:NAIDA_10_GDP(1.0),11/09/23 23:00:00,A,CP_MEUR,D2X3,HR,2022,10618.2,p
ESTAT:NAIDA_10_GDP(1.0),11/09/23 23:00:00,A,CP_MEUR,D2X3,IE,1995,5576.6,
ESTAT:NAIDA_10_GDP(1.0),11/09/23 23:00:00,A,CP_MEUR,D2X3,IE,1996,6047.1,
ESTAT:NAIDA_10_GDP(1.0),11/09/23 23:00:00,A,CP_MEUR,D2X3,IE,1997,7465.2,
ESTAT:NAIDA_10_GDP(1.0),11/09/23 23:00:00,A,CP_MEUR,D2X3,IE,1998,8440.6,
ESTAT:NAIDA_10_GDP(1.0),11/09/23 23:00:00,A,CP_MEUR,D2X3,IE,1999,9719.1,
ESTAT:NAIDA_10_GDP(1.0),11/09/23 23:00:00,A,CP_MEUR,D2X3,IE,2000,11519.9,
ESTAT:NAIDA_10_GDP(1.0),11/09/23 23:00:00,A,CP_MEUR,D2X3,IE,2001,11815.6,
ESTAT:NAIDA_10_GDP(1.0),11/09/23 23:00:00,A,CP_MEUR,D2X3,IE,2002,13023.5,
ESTAT:NAIDA_10_GDP(1.0),11/09/23 23:00:00,A,CP_MEUR,D2X3,IE,2003,14474.6,
ESTAT:NAIDA_10_GDP(1.0),11/09/23 23:00:00,A,CP_MEUR,D2X3,IE,2004,16546.2,
ESTAT:NAIDA_10_GDP(1.0),11/09/23 23:00:00,A,CP_MEUR,D2X3,IE,2005,18603.1,
ESTAT:NAIDA_10_GDP(1.0),11/09/23 23:00:00,A,CP_MEUR,D2X3,IE,2006,21882.3,
ESTAT:NAIDA_10_GDP(1.0),11/09/23 23:00:00,A,CP_MEUR,D2X3,IE,2007,22600.7,
ESTAT:NAIDA_10_GDP(1.0),11/09/23 23:00:00,A,CP_MEUR,D2X3,IE,2008,19084.9,
ESTAT:NAIDA_10_GDP(1.0),11/09/23 23:00:00,A,CP_MEUR,D2X3,IE,2009,14969.3,
ESTAT:NAIDA_10_GDP(1.0),11/09/23 23:00:00,A,CP_MEUR,D2X3,IE,2010,14983.8,
ESTAT:NAIDA_10_GDP(1.0),11/09/23 23:00:00,A,CP_MEUR,D2X3,IE,2011,14610.9,b
ESTAT:NAIDA_10_GDP(1.0),11/09/23 23:00:00,A,CP_MEUR,D2X3,IE,2012,15052.8,
ESTAT:NAIDA_10_GDP(1.0),11/09/23 23:00:00,A,CP_MEUR,D2X3,IE,2013,16183.4,
ESTAT:NAIDA_10_GDP(1.0),11/09/23 23:00:00,A,CP_MEUR,D2X3,IE,2014,18363.4,
ESTAT:NAIDA_10_GDP(1.0),11/09/23 23:00:00,A,CP_MEUR,D2X3,IE,2015,19454.5,
ESTAT:NAIDA_10_GDP(1.0),11/09/23 23:00:00,A,CP_MEUR,D2X3,IE,2016,20709.4,
ESTAT:NAIDA_10_GDP(1.0),11/09/23 23:00:00,A,CP_MEUR,D2X3,IE,2017,21763.2,
ESTAT:NAIDA_10_GDP(1.0),11/09/23 23:00:00,A,CP_MEUR,D2X3,IE,2018,22636.9,
ESTAT:NAIDA_10_GDP(1.0),11/09/23 23:00:00,A,CP_MEUR,D2X3,IE,2019,24610.7,
ESTAT:NAIDA_10_GDP(1.0),11/09/23 23:00:00,A,CP_MEUR,D2X3,IE,2020,16365.8,
ESTAT:NAIDA_10_GDP(1.0),11/09/23 23:00:00,A,CP_MEUR,D2X3,IE,2021,21300.7,
ESTAT:NAIDA_10_GDP(1.0),11/09/23 23:00:00,A,CP_MEUR,D2X3,IE,2022,27881.5,
ESTAT:NAIDA_10_GDP(1.0),11/09/23 23:00:00,A,CP_MEUR,D2X3,IT,1995,87389.9,
ESTAT:NAIDA_10_GDP(1.0),11/09/23 23:00:00,A,CP_MEUR,D2X3,IT,1996,99033.6,
ESTAT:NAIDA_10_GDP(1.0),11/09/23 23:00:00,A,CP_MEUR,D2X3,IT,1997,112683.5,
ESTAT:NAIDA_10_GDP(1.0),11/09/23 23:00:00,A,CP_MEUR,D2X3,IT,1998,149599.2,
ESTAT:NAIDA_10_GDP(1.0),11/09/23 23:00:00,A,CP_MEUR,D2X3,IT,1999,152271.0,
ESTAT:NAIDA_10_GDP(1.0),11/09/23 23:00:00,A,CP_MEUR,D2X3,IT,2000,158225.0,
ESTAT:NAIDA_10_GDP(1.0),11/09/23 23:00:00,A,CP_MEUR,D2X3,IT,2001,159620.0,
ESTAT:NAIDA_10_GDP(1.0),11/09/23 23:00:00,A,CP_MEUR,D2X3,IT,2002,166768.0,
ESTAT:NAIDA_10_GDP(1.0),11/09/23 23:00:00,A,CP_MEUR,D2X3,IT,2003,168108.0,
ESTAT:NAIDA_10_GDP(1.0),11/09/23 23:00:00,A,CP_MEUR,D2X3,IT,2004,178146.0,
ESTAT:NAIDA_10_GDP(1.0),11/09/23 23:00:00,A,CP_MEUR,D2X3,IT,2005,188173.0,
ESTAT:NAIDA_10_GDP(1.0),11/09/23 23:00:00,A,CP_MEUR,D2X3,IT,2006,203975.0,
ESTAT:NAIDA_10_GDP(1.0),11/09/23 23:00:00,A,CP_MEUR,D2X3,IT,2007,211657.0,
ESTAT:NAIDA_10_GDP(1.0),11/09/23 23:00:00,A,CP_MEUR,D2X3,IT,2008,200955.0,
ESTAT:NAIDA_10_GDP(1.0),11/09/23 23:00:00,A,CP_MEUR,D2X3,IT,2009,185134.0,
ESTAT:NAIDA_10_GDP(1.0),11/09/23 23:00:00,A,CP_MEUR,D2X3,IT,2010,198290.0,
ESTAT:NAIDA_10_GDP(1.0),11/09/23 23:00:00,A,CP_MEUR,D2X3,IT,2011,204770.0,
ESTAT:NAIDA_10_GDP(1.0),11/09/23 23:00:00,A,CP_MEUR,D2X3,IT,2012,218403.0,
ESTAT:NAIDA_10_GDP(1.0),11/09/23 23:00:00,A,CP_MEUR,D2X3,IT,2013,208922.0,
ESTAT:NAIDA_10_GDP(1.0),11/09/23 23:00:00,A,CP_MEUR,D2X3,IT,2014,214452.0,
ESTAT:NAIDA_10_GDP(1.0),11/09/23 23:00:00,A,CP_MEUR,D2X3,IT,2015,218918.0,
ESTAT:NAIDA_10_GDP(1.0),11/09/23 23:00:00,A,CP_MEUR,D2X3,IT,2016,210342.0,
ESTAT:NAIDA_10_GDP(1.0),11/09/23 23:00:00,A,CP_MEUR,D2X3,IT,2017,221638.0,
ESTAT:NAIDA_10_GDP(1.0),11/09/23 23:00:00,A,CP_MEUR,D2X3,IT,2018,224407.0,
ESTAT:NAIDA_10_GDP(1.0),11/09/23 23:00:00,A,CP_MEUR,D2X3,IT,2019,227481.0,
ESTAT:NAIDA_10_GDP(1.0),11/09/23 23:00:00,A,CP_MEUR,D2X3,IT,2020,192575.4,
ESTAT:NAIDA_10_GDP(1.0),11/09/23 23:00:00,A,CP_MEUR,D2X3,IT,2021,221754.0,
ESTAT:NAIDA_10_GDP(1.0),11/09/23 23:00:00,A,CP_MEUR,D2X3,IT,2022,224298.0,
ESTAT:NAIDA_10_GDP(1.0),11/09/23 23:00:00,A,CP_MEUR,D2X3,LT,1995,563.9,
ESTAT:NAIDA_10_GDP(1.0),11/09/23 23:00:00,A,CP_MEUR,D2X3,LT,1996,685.9,
ESTAT:NAIDA_10_GDP(1.0),11/09/23 23:00:00,A,CP_MEUR,D2X3,LT,1997,1130.0,
ESTAT:NAIDA_10_GDP(1.0),11/09/23 23:00:00,A,CP_MEUR,D2X3,LT,1998,1276.9,
ESTAT:NAIDA_10_GDP(1.0),11/09/23 23:00:00,A,CP_MEUR,D2X3,LT,1999,1304.6,
ESTAT:NAIDA_10_GDP(1.0),11/09/23 23:00:00,A,CP_MEUR,D2X3,LT,2000,1465.1,
ESTAT:NAIDA_10_GDP(1.0),11/09/23 23:00:00,A,CP_MEUR,D2X3,LT,2001,1551.9,
ESTAT:NAIDA_10_GDP(1.0),11/09/23 23:00:00,A,CP_MEUR,D2X3,LT,2002,1760.2,
ESTAT:NAIDA_10_GDP(1.0),11/09/23 23:00:00,A,CP_MEUR,D2X3,LT,2003,1811.2,
ESTAT:NAIDA_10_GDP(1.0),11/09/23 23:00:00,A,CP_MEUR,D2X3,LT,2004,1810.2,
ESTAT:NAIDA_10_GDP(1.0),11/09/23 23:00:00,A,CP_MEUR,D2X3,LT,2005,2009.9,
ESTAT:NAIDA_10_GDP(1.0),11/09/23 23:00:00,A,CP_MEUR,D2X3,LT,2006,2295.5,
ESTAT:NAIDA_10_GDP(1.0),11/09/23 23:00:00,A,CP_MEUR,D2X3,LT,2007,2923.3,
ESTAT:NAIDA_10_GDP(1.0),11/09/23 23:00:00,A,CP_MEUR,D2X3,LT,2008,3373.3,
ESTAT:NAIDA_10_GDP(1.0),11/09/23 23:00:00,A,CP_MEUR,D2X3,LT,2009,2624.8,
ESTAT:NAIDA_10_GDP(1.0),11/09/23 23:00:00,A,CP_MEUR,D2X3,LT,2010,2774.9,
ESTAT:NAIDA_10_GDP(1.0),11/09/23 23:00:00,A,CP_MEUR,D2X3,LT,2011,3102.8,
ESTAT:NAIDA_10_GDP(1.0),11/09/23 23:00:00,A,CP_MEUR,D2X3,LT,2012,3231.6,
ESTAT:NAIDA_10_GDP(1.0),11/09/23 23:00:00,A,CP_MEUR,D2X3,LT,2013,3298.0,
ESTAT:NAIDA_10_GDP(1.0),11/09/23 23:00:00,A,CP_MEUR,D2X3,LT,2014,3524.8,
ESTAT:NAIDA_10_GDP(1.0),11/09/23 23:00:00,A,CP_MEUR,D2X3,LT,2015,3730.0,
ESTAT:NAIDA_10_GDP(1.0),11/09/23 23:00:00,A,CP_MEUR,D2X3,LT,2016,3921.6,
ESTAT:NAIDA_10_GDP(1.0),11/09/23 23:00:00,A,CP_MEUR,D2X3,LT,2017,4281.9,
ESTAT:NAIDA_10_GDP(1.0),11/09/23 23:00:00,A,CP_MEUR,D2X3,LT,2018,4549.0,
ESTAT:NAIDA_10_GDP(1.0),11/09/23 23:00:00,A,CP_MEUR,D2X3,LT,2019,4926.2,
ESTAT:NAIDA_10_GDP(1.0),11/09/23 23:00:00,A,CP_MEUR,D2X3,LT,2020,4195.0,
ESTAT:NAIDA_10_GDP(1.0),11/09/23 23:00:00,A,CP_MEUR,D2X3,LT,2021,5244.5,
ESTAT:NAIDA_10_GDP(1.0),11/09/23 23:00:00,A,CP_MEUR,D2X3,LT,2022,6026.8,
ESTAT:NAIDA_10_GDP(1.0),11/09/23 23:00:00,A,CP_MEUR,D2X3,LU,1995,1676.6,
ESTAT:NAIDA_10_GDP(1.0),11/09/23 23:00:00,A,CP_MEUR,D2X3,LU,1996,1696.5,
ESTAT:NAIDA_10_GDP(1.0),11/09/23 23:00:00,A,CP_MEUR,D2X3,LU,1997,1845.7,
ESTAT:NAIDA_10_GDP(1.0),11/09/23 23:00:00,A,CP_MEUR,D2X3,LU,1998,2043.0,
ESTAT:NAIDA_10_GDP(1.0),11/09/23 23:00:00,A,CP_MEUR,D2X3,LU,1999,2437.0,
ESTAT:NAIDA_10_GDP(1.0),11/09/23 23:00:00,A,CP_MEUR,D2X3,LU,2000,2822.9,
ESTAT:NAIDA_10_GDP(1.0),11/09/23 23:00:00,A,CP_MEUR,D2X3,LU,2001,2811.9,
ESTAT:NAIDA_10_GDP(1.0),11/09/23 23:00:00,A,CP_MEUR,D2X3,LU,2002,2829.9,
ESTAT:NAIDA_10_GDP(1.0),11/09/23 23:00:00,A,CP_MEUR,D2X3,LU,2003,2941.0,
ESTAT:NAIDA_10_GDP(1.0),11/09/23 23:00:00,A,CP_MEUR,D2X3,LU,2004,3309.9,
ESTAT:NAIDA_10_GDP(1.0),11/09/23 23:00:00,A,CP_MEUR,D2X3,LU,2005,3692.0,
ESTAT:NAIDA_10_GDP(1.0),11/09/23 23:00:00,A,CP_MEUR,D2X3,LU,2006,3903.7,
ESTAT:NAIDA_10_GDP(1.0),11/09/23 23:00:00,A,CP_MEUR,D2X3,LU,2007,4423.4,
ESTAT:NAIDA_10_GDP(1.0),11/09/23 23:00:00,A,CP_MEUR,D2X3,LU,2008,4313.3,
ESTAT:NAIDA_10_GDP(1.0),11/09/23 23:00:00,A,CP_MEUR,D2X3,LU,2009,4193.0,
ESTAT:NAIDA_10_GDP(1.0),11/09/23 23:00:00,A,CP_MEUR,D2X3,LU,2010,4516.0,
ESTAT:NAIDA_10_GDP(1.0),11/09/23 23:00:00,A,CP_MEUR,D2X3,LU,2011,4849.8,
ESTAT:NAIDA_10_GDP(1.0),11/09/23 23:00:00,A,CP_MEUR,D2X3,LU,2012,5144.8,
ESTAT:NAIDA_10_GDP(1.0),11/09/23 23:00:00,A,CP_MEUR,D2X3,LU,2013,5392.8,
ESTAT:NAIDA_10_GDP(1.0),11/09/23 23:00:00,A,CP_MEUR,D2X3,LU,2014,5925.3,
ESTAT:NAIDA_10_GDP(1.0),11/09/23 23:00:00,A,CP_MEUR,D2X3,LU,2015,5149.4,
ESTAT:NAIDA_10_GDP(1.0),11/09/23 23:00:00,A,CP_MEUR,D2X3,LU,2016,5523.3,
ESTAT:NAIDA_10_GDP(1.0),11/09/23 23:00:00,A,CP_MEUR,D2X3,LU,2017,5954.9,
ESTAT:NAIDA_10_GDP(1.0),11/09/23 23:00:00,A,CP_MEUR,D2X3,LU,2018,6333.6,
ESTAT:NAIDA_10_GDP(1.0),11/09/23 23:00:00,A,CP_MEUR,D2X3,LU,2019,6550.2,
ESTAT:NAIDA_10_GDP(1.0),11/09/23 23:00:00,A,CP_MEUR,D2X3,LU,2020,6455.7,
ESTAT:NAIDA_10_GDP(1.0),11/09/23 23:00:00,A,CP_MEUR,D2X3,LU,2021,7936.9,
ESTAT:NAIDA_10_GDP(1.0),11/09/23 23:00:00,A,CP_MEUR,D2X3,LU,2022,8101.3,p
ESTAT:NAIDA_10_GDP(1.0),11/09/23 23:00:00,A,CP_MEUR,D2X3,LV,1995,493.0,
ESTAT:NAIDA_10_GDP(1.0),11/09/23 23:00:00,A,CP_MEUR,D2X3,LV,1996,552.2,
ESTAT:NAIDA_10_GDP(1.0),11/09/23 23:00:00,A,CP_MEUR,D2X3,LV,1997,715.3,
ESTAT:NAIDA_10_GDP(1.0),11/09/23 23:00:00,A,CP_MEUR,D2X3,LV,1998,841.3,
ESTAT:NAIDA_10_GDP(1.0),11/09/23 23:00:00,A,CP_MEUR,D2X3,LV,1999,846.0,
ESTAT:NAIDA_10_GDP(1.0),11/09/23 23:00:00,A,CP_MEUR,D2X3,LV,2000,978.3,
ESTAT:NAIDA_10_GDP(1.0),11/09/23 23:00:00,A,CP_MEUR,D2X3,LV,2001,1054.7,
ESTAT:NAIDA_10_GDP(1.0),11/09/23 23:00:00,A,CP_MEUR,D2X3,LV,2002,1065.2,
ESTAT:NAIDA_10_GDP(1.0),11/09/23 23:00:00,A,CP_MEUR,D2X3,LV,2003,1159.4,
ESTAT:NAIDA_10_GDP(1.0),11/09/23 23:00:00,A,CP_MEUR,D2X3,LV,2004,1276.7,
ESTAT:NAIDA_10_GDP(1.0),11/09/23 23:00:00,A,CP_MEUR,D2X3,LV,2005,1528.7,
ESTAT:NAIDA_10_GDP(1.0),11/09/23 23:00:00,A,CP_MEUR,D2X3,LV,2006,1964.6,
ESTAT:NAIDA_10_GDP(1.0),11/09/23 23:00:00,A,CP_MEUR,D2X3,LV,2007,2414.0,
ESTAT:NAIDA_10_GDP(1.0),11/09/23 23:00:00,A,CP_MEUR,D2X3,LV,2008,2121.0,
ESTAT:NAIDA_10_GDP(1.0),11/09/23 23:00:00,A,CP_MEUR,D2X3,LV,2009,1604.4,
ESTAT:NAIDA_10_GDP(1.0),11/09/23 23:00:00,A,CP_MEUR,D2X3,LV,2010,1692.0,
ESTAT:NAIDA_10_GDP(1.0),11/09/23 23:00:00,A,CP_MEUR,D2X3,LV,2011,2025.4,
ESTAT:NAIDA_10_GDP(1.0),11/09/23 23:00:00,A,CP_MEUR,D2X3,LV,2012,2177.1,
ESTAT:NAIDA_10_GDP(1.0),11/09/23 23:00:00,A,CP_MEUR,D2X3,LV,2013,2333.1,
ESTAT:NAIDA_10_GDP(1.0),11/09/23 23:00:00,A,CP_MEUR,D2X3,LV,2014,2486.1,
ESTAT:NAIDA_10_GDP(1.0),11/09/23 23:00:00,A,CP_MEUR,D2X3,LV,2015,2812.4,
ESTAT:NAIDA_10_GDP(1.0),11/09/23 23:00:00,A,CP_MEUR,D2X3,LV,2016,2949.5,
ESTAT:NAIDA_10_GDP(1.0),11/09/23 23:00:00,A,CP_MEUR,D2X3,LV,2017,3076.5,
ESTAT:NAIDA_10_GDP(1.0),11/09/23 23:00:00,A,CP_MEUR,D2X3,LV,2018,3517.3,
ESTAT:NAIDA_10_GDP(1.0),11/09/23 23:00:00,A,CP_MEUR,D2X3,LV,2019,3688.6,
ESTAT:NAIDA_10_GDP(1.0),11/09/23 23:00:00,A,CP_MEUR,D2X3,LV,2020,3343.2,
ESTAT:NAIDA_10_GDP(1.0),11/09/23 23:00:00,A,CP_MEUR,D2X3,LV,2021,3308.0,
ESTAT:NAIDA_10_GDP(1.0),11/09/23 23:00:00,A,CP_MEUR,D2X3,LV,2022,4338.6,
ESTAT:NAIDA_10_GDP(1.0),11/09/23 23:00:00,A,CP_MEUR,D2X3,MT,1995,294.8,
ESTAT:NAIDA_10_GDP(1.0),11/09/23 23:00:00,A,CP_MEUR,D2X3,MT,1996,277.0,
ESTAT:NAIDA_10_GDP(1.0),11/09/23 23:00:00,A,CP_MEUR,D2X3,MT,1997,325.9,
ESTAT:NAIDA_10_GDP(1.0),11/09/23 23:00:00,A,CP_MEUR,D2X3,MT,1998,313.5,
ESTAT:NAIDA_10_GDP(1.0),11/09/23 23:00:00,A,CP_MEUR,D2X3,MT,1999,391.4,
ESTAT:NAIDA_10_GDP(1.0),11/09/23 23:00:00,A,CP_MEUR,D2X3,MT,2000,469.2,
ESTAT:NAIDA_10_GDP(1.0),11/09/23 23:00:00,A,CP_MEUR,D2X3,MT,2001,511.6,
ESTAT:NAIDA_10_GDP(1.0),11/09/23 23:00:00,A,CP_MEUR,D2X3,MT,2002,508.8,
ESTAT:NAIDA_10_GDP(1.0),11/09/23 23:00:00,A,CP_MEUR,D2X3,MT,2003,509.5,
ESTAT:NAIDA_10_GDP(1.0),11/09/23 23:00:00,A,CP_MEUR,D2X3,MT,2004,584.8,
ESTAT:NAIDA_10_GDP(1.0),11/09/23 23:00:00,A,CP_MEUR,D2X3,MT,2005,651.0,
ESTAT:NAIDA_10_GDP(1.0),11/09/23 23:00:00,A,CP_MEUR,D2X3,MT,2006,682.8,
ESTAT:NAIDA_10_GDP(1.0),11/09/23 23:00:00,A,CP_MEUR,D2X3,MT,2007,721.2,
ESTAT:NAIDA_10_GDP(1.0),11/09/23 23:00:00,A,CP_MEUR,D2X3,MT,2008,737.3,
ESTAT:NAIDA_10_GDP(1.0),11/09/23 23:00:00,A,CP_MEUR,D2X3,MT,2009,770.4,
ESTAT:NAIDA_10_GDP(1.0),11/09/23 23:00:00,A,CP_MEUR,D2X3,MT,2010,842.2,
ESTAT:NAIDA_10_GDP(1.0),11/09/23 23:00:00,A,CP_MEUR,D2X3,MT,2011,869.8,
ESTAT:NAIDA_10_GDP(1.0),11/09/23 23:00:00,A,CP_MEUR,D2X3,MT,2012,865.5,
ESTAT:NAIDA_10_GDP(1.0),11/09/23 23:00:00,A,CP_MEUR,D2X3,MT,2013,906.4,
ESTAT:NAIDA_10_GDP(1.0),11/09/23 23:00:00,A,CP_MEUR,D2X3,MT,2014,1000.3,
ESTAT:NAIDA_10_GDP(1.0),11/09/23 23:00:00,A,CP_MEUR,D2X3,MT,2015,1069.4,
ESTAT:NAIDA_10_GDP(1.0),11/09/23 23:00:00,A,CP_MEUR,D2X3,MT,2016,1147.6,
ESTAT:NAIDA_10_GDP(1.0),11/09/23 23:00:00,A,CP_MEUR,D2X3,MT,2017,1277.8,
ESTAT:NAIDA_10_GDP(1.0),11/09/23 23:00:00,A,CP_MEUR,D2X3,MT,2018,1391.2,
ESTAT:NAIDA_10_GDP(1.0),11/09/23 23:00:00,A,CP_MEUR,D2X3,MT,2019,1424.8,
ESTAT:NAIDA_10_GDP(1.0),11/09/23 23:00:00,A,CP_MEUR,D2X3,MT,2020,710.7,
ESTAT:NAIDA_10_GDP(1.0),11/09/23 23:00:00,A,CP_MEUR,D2X3,MT,2021,872.2,
ESTAT:NAIDA_10_GDP(1.0),11/09/23 23:00:00,A,CP_MEUR,D2X3,MT,2022,939.5,
ESTAT:NAIDA_10_GDP(1.0),11/09/23 23:00:00,A,CP_MEUR,D2X3,PT,1995,10299.6,
ESTAT:NAIDA_10_GDP(1.0),11/09/23 23:00:00,A,CP_MEUR,D2X3,PT,1996,10863.1,
ESTAT:NAIDA_10_GDP(1.0),11/09/23 23:00:00,A,CP_MEUR,D2X3,PT,1997,11578.9,
ESTAT:NAIDA_10_GDP(1.0),11/09/23 23:00:00,A,CP_MEUR,D2X3,PT,1998,12886.8,
ESTAT:NAIDA_10_GDP(1.0),11/09/23 23:00:00,A,CP_MEUR,D2X3,PT,1999,14013.6,
ESTAT:NAIDA_10_GDP(1.0),11/09/23 23:00:00,A,CP_MEUR,D2X3,PT,2000,15043.2,
ESTAT:NAIDA_10_GDP(1.0),11/09/23 23:00:00,A,CP_MEUR,D2X3,PT,2001,15711.7,
ESTAT:NAIDA_10_GDP(1.0),11/09/23 23:00:00,A,CP_MEUR,D2X3,PT,2002,17145.9,
ESTAT:NAIDA_10_GDP(1.0),11/09/23 23:00:00,A,CP_MEUR,D2X3,PT,2003,17394.9,
ESTAT:NAIDA_10_GDP(1.0),11/09/23 23:00:00,A,CP_MEUR,D2X3,PT,2004,18394.5,
ESTAT:NAIDA_10_GDP(1.0),11/09/23 23:00:00,A,CP_MEUR,D2X3,PT,2005,20274.7,
ESTAT:NAIDA_10_GDP(1.0),11/09/23 23:00:00,A,CP_MEUR,D2X3,PT,2006,22114.6,
ESTAT:NAIDA_10_GDP(1.0),11/09/23 23:00:00,A,CP_MEUR,D2X3,PT,2007,22782.9,
ESTAT:NAIDA_10_GDP(1.0),11/09/23 23:00:00,A,CP_MEUR,D2X3,PT,2008,22669.1,
ESTAT:NAIDA_10_GDP(1.0),11/09/23 23:00:00,A,CP_MEUR,D2X3,PT,2009,19340.2,
ESTAT:NAIDA_10_GDP(1.0),11/09/23 23:00:00,A,CP_MEUR,D2X3,PT,2010,20768.8,
ESTAT:NAIDA_10_GDP(1.0),11/09/23 23:00:00,A,CP_MEUR,D2X3,PT,2011,21231.6,
ESTAT:NAIDA_10_GDP(1.0),11/09/23 23:00:00,A,CP_MEUR,D2X3,PT,2012,20377.3,
ESTAT:NAIDA_10_GDP(1.0),11/09/23 23:00:00,A,CP_MEUR,D2X3,PT,2013,20637.1,
ESTAT:NAIDA_10_GDP(1.0),11/09/23 23:00:00,A,CP_MEUR,D2X3,PT,2014,21974.9,
ESTAT:NAIDA_10_GDP(1.0),11/09/23 23:00:00,A,CP_MEUR,D2X3,PT,2015,23918.3,
ESTAT:NAIDA_10_GDP(1.0),11/09/23 23:00:00,A,CP_MEUR,D2X3,PT,2016,25041.3,
ESTAT:NAIDA_10_GDP(1.0),11/09/23 23:00:00,A,CP_MEUR,D2X3,PT,2017,27191.5,
ESTAT:NAIDA_10_GDP(1.0),11/09/23 23:00:00,A,CP_MEUR,D2X3,PT,2018,28905.0,
ESTAT:NAIDA_10_GDP(1.0),11/09/23 23:00:00,A,CP_MEUR,D2X3,PT,2019,29959.7,
ESTAT:NAIDA_10_GDP(1.0),11/09/23 23:00:00,A,CP_MEUR,D2X3,PT,2020,24122.5,
ESTAT:NAIDA_10_GDP(1.0),11/09/23 23:00:00,A,CP_MEUR,D2X3,PT,2021,26463.5,p
ESTAT:NAIDA_10_GDP(1.0),11/09/23 23:00:00,A,CP_MEUR,D2X3,PT,2022,32019.9,p
ESTAT:NAIDA_10_GDP(1.0),11/09/23 23:00:00,A,CP_MEUR,D2X3,SI,1995,2116.1,
ESTAT:NAIDA_10_GDP(1.0),11/09/23 23:00:00,A,CP_MEUR,D2X3,SI,1996,2279.0,
ESTAT:NAIDA_10_GDP(1.0),11/09/23 23:00:00,A,CP_MEUR,D2X3,SI,1997,2392.1,
ESTAT:NAIDA_10_GDP(1.0),11/09/23 23:00:00,A,CP_MEUR,D2X3,SI,1998,2702.4,
ESTAT:NAIDA_10_GDP(1.0),11/09/23 23:00:00,A,CP_MEUR,D2X3,SI,1999,3040.9,
ESTAT:NAIDA_10_GDP(1.0),11/09/23 23:00:00,A,CP_MEUR,D2X3,SI,2000,2985.4,
ESTAT:NAIDA_10_GDP(1.0),11/09/23 23:00:00,A,CP_MEUR,D2X3,SI,2001,3125.2,
ESTAT:NAIDA_10_GDP(1.0),11/09/23 23:00:00,A,CP_MEUR,D2X3,SI,2002,3442.7,
ESTAT:NAIDA_10_GDP(1.0),11/09/23 23:00:00,A,CP_MEUR,D2X3,SI,2003,3602.6,
ESTAT:NAIDA_10_GDP(1.0),11/09/23 23:00:00,A,CP_MEUR,D2X3,SI,2004,3806.3,
ESTAT:NAIDA_10_GDP(1.0),11/09/23 23:00:00,A,CP_MEUR,D2X3,SI,2005,3966.2,
ESTAT:NAIDA_10_GDP(1.0),11/09/23 23:00:00,A,CP_MEUR,D2X3,SI,2006,4087.6,
ESTAT:NAIDA_10_GDP(1.0),11/09/23 23:00:00,A,CP_MEUR,D2X3,SI,2007,4462.6,
ESTAT:NAIDA_10_GDP(1.0),11/09/23 23:00:00,A,CP_MEUR,D2X3,SI,2008,4573.5,
ESTAT:NAIDA_10_GDP(1.0),11/09/23 23:00:00,A,CP_MEUR,D2X3,SI,2009,4054.6,
ESTAT:NAIDA_10_GDP(1.0),11/09/23 23:00:00,A,CP_MEUR,D2X3,SI,2010,4232.7,
ESTAT:NAIDA_10_GDP(1.0),11/09/23 23:00:00,A,CP_MEUR,D2X3,SI,2011,4613.8,
ESTAT:NAIDA_10_GDP(1.0),11/09/23 23:00:00,A,CP_MEUR,D2X3,SI,2012,4669.3,
ESTAT:NAIDA_10_GDP(1.0),11/09/23 23:00:00,A,CP_MEUR,D2X3,SI,2013,4801.0,
ESTAT:NAIDA_10_GDP(1.0),11/09/23 23:00:00,A,CP_MEUR,D2X3,SI,2014,5056.8,
ESTAT:NAIDA_10_GDP(1.0),11/09/23 23:00:00,A,CP_MEUR,D2X3,SI,2015,5270.9,
ESTAT:NAIDA_10_GDP(1.0),11/09/23 23:00:00,A,CP_MEUR,D2X3,SI,2016,5411.7,
ESTAT:NAIDA_10_GDP(1.0),11/09/23 23:00:00,A,CP_MEUR,D2X3,SI,2017,5611.8,
ESTAT:NAIDA_10_GDP(1.0),11/09/23 23:00:00,A,CP_MEUR,D2X3,SI,2018,5888.4,
ESTAT:NAIDA_10_GDP(1.0),11/09/23 23:00:00,A,CP_MEUR,D2X3,SI,2019,6219.0,
ESTAT:NAIDA_10_GDP(1.0),11/09/23 23:00:00,A,CP_MEUR,D2X3,SI,2020,3973.8,
ESTAT:NAIDA_10_GDP(1.0),11/09/23 23:00:00,A,CP_MEUR,D2X3,SI,2021,5492.9,
ESTAT:NAIDA_10_GDP(1.0),11/09/23 23:00:00,A,CP_MEUR,D2X3,SI,2022,6727.1,
ESTAT:NAIDA_10_GDP(1.0),11/09/23 23:00:00,A,CP_MEUR,D2X3,SK,1995,1488.3,
ESTAT:NAIDA_10_GDP(1.0),11/09/23 23:00:00,A,CP_MEUR,D2X3,SK,1996,1690.9,
ESTAT:NAIDA_10_GDP(1.0),11/09/23 23:00:00,A,CP_MEUR,D2X3,SK,1997,1729.0,
ESTAT:NAIDA_10_GDP(1.0),11/09/23 23:00:00,A,CP_MEUR,D2X3,SK,1998,2060.7,
ESTAT:NAIDA_10_GDP(1.0),11/09/23 23:00:00,A,CP_MEUR,D2X3,SK,1999,1911.9,
ESTAT:NAIDA_10_GDP(1.0),11/09/23 23:00:00,A,CP_MEUR,D2X3,SK,2000,2283.1,
ESTAT:NAIDA_10_GDP(1.0),11/09/23 23:00:00,A,CP_MEUR,D2X3,SK,2001,2239.0,
ESTAT:NAIDA_10_GDP(1.0),11/09/23 23:00:00,A,CP_MEUR,D2X3,SK,2002,2669.0,
ESTAT:NAIDA_10_GDP(1.0),11/09/23 23:00:00,A,CP_MEUR,D2X3,SK,2003,3153.5,
ESTAT:NAIDA_10_GDP(1.0),11/09/23 23:00:00,A,CP_MEUR,D2X3,SK,2004,3537.6,
ESTAT:NAIDA_10_GDP(1.0),11/09/23 23:00:00,A,CP_MEUR,D2X3,SK,2005,4432.7,
ESTAT:NAIDA_10_GDP(1.0),11/09/23 23:00:00,A,CP_MEUR,D2X3,SK,2006,4515.0,
ESTAT:NAIDA_10_GDP(1.0),11/09/23 23:00:00,A,CP_MEUR,D2X3,SK,2007,5574.9,
ESTAT:NAIDA_10_GDP(1.0),11/09/23 23:00:00,A,CP_MEUR,D2X3,SK,2008,5813.2,
ESTAT:NAIDA_10_GDP(1.0),11/09/23 23:00:00,A,CP_MEUR,D2X3,SK,2009,5666.1,
ESTAT:NAIDA_10_GDP(1.0),11/09/23 23:00:00,A,CP_MEUR,D2X3,SK,2010,5974.6,
ESTAT:NAIDA_10_GDP(1.0),11/09/23 23:00:00,A,CP_MEUR,D2X3,SK,2011,6783.2,
ESTAT:NAIDA_10_GDP(1.0),11/09/23 23:00:00,A,CP_MEUR,D2X3,SK,2012,6601.1,
ESTAT:NAIDA_10_GDP(1.0),11/09/23 23:00:00,A,CP_MEUR,D2X3,SK,2013,6898.8,
ESTAT:NAIDA_10_GDP(1.0),11/09/23 23:00:00,A,CP_MEUR,D2X3,SK,2014,7339.6,
ESTAT:NAIDA_10_GDP(1.0),11/09/23 23:00:00,A,CP_MEUR,D2X3,SK,2015,7867.0,
ESTAT:NAIDA_10_GDP(1.0),11/09/23 23:00:00,A,CP_MEUR,D2X3,SK,2016,8048.5,
ESTAT:NAIDA_10_GDP(1.0),11/09/23 23:00:00,A,CP_MEUR,D2X3,SK,2017,8698.7,
ESTAT:NAIDA_10_GDP(1.0),11/09/23 23:00:00,A,CP_MEUR,D2X3,SK,2018,9225.9,
ESTAT:NAIDA_10_GDP(1.0),11/09/23 23:00:00,A,CP_MEUR,D2X3,SK,2019,9937.4,
ESTAT:NAIDA_10_GDP(1.0),11/09/23 23:00:00,A,CP_MEUR,D2X3,SK,2020,9463.5,
ESTAT:NAIDA_10_GDP(1.0),11/09/23 23:00:00,A,CP_MEUR,D2X3,SK,2021,10174.8,
ESTAT:NAIDA_10_GDP(1.0),11/09/23 23:00:00,A,CP_MEUR,D2X3,SK,2022,11328.3,
